Pipeline_index,Combination,Perplexity,Early_exaggeration,Initial_momentum,Final_momentum,Theta,tSNE_runtime_min,Affinity_runtime_min,KL_divergence
pipeline_0,"(5, 4, 0.1, 0.8, 0.25)",5,4,0.1,0.8,0.8,50.42816133101781,5.63257874250412,3.8182122818645645
pipeline_1,"(5, 4, 0.1, 0.8, 0.5)",5,4,0.1,0.8,0.8,17.06461846033732,5.63257874250412,3.8162978863315544
pipeline_2,"(5, 4, 0.1, 0.8, 0.75)",5,4,0.1,0.8,0.8,9.227856914202372,5.63257874250412,3.832423691133611
pipeline_3,"(5, 4, 0.1, 0.8, 1.0)",5,4,0.1,0.8,0.8,6.147007576624552,5.63257874250412,3.8471985301531006
pipeline_4,"(5, 4, 0.1, 0.9, 0.25)",5,4,0.1,0.9,0.9,50.56559946537018,5.63257874250412,3.8182122818645645
pipeline_5,"(5, 4, 0.1, 0.9, 0.5)",5,4,0.1,0.9,0.9,17.07042731444041,5.63257874250412,3.8162978863315544
pipeline_6,"(5, 4, 0.1, 0.9, 0.75)",5,4,0.1,0.9,0.9,9.222952942053476,5.63257874250412,3.832423691133611
pipeline_7,"(5, 4, 0.1, 0.9, 1.0)",5,4,0.1,0.9,0.9,6.151957241694133,5.63257874250412,3.8471985301531006
pipeline_8,"(5, 4, 0.1, 1.0, 0.25)",5,4,0.1,1.0,1.0,88.25791645447413,5.63257874250412,3.8182122818645645
pipeline_9,"(5, 4, 0.1, 1.0, 0.5)",5,4,0.1,1.0,1.0,17.034151057402294,5.63257874250412,3.8162978863315544
pipeline_10,"(5, 4, 0.1, 1.0, 0.75)",5,4,0.1,1.0,1.0,9.233786380290985,5.63257874250412,3.832423691133611
pipeline_11,"(5, 4, 0.1, 1.0, 1.0)",5,4,0.1,1.0,1.0,6.128422379493713,5.63257874250412,3.8471985301531006
pipeline_12,"(5, 4, 0.3, 0.8, 0.25)",5,4,0.3,0.8,0.8,52.0646595398585,5.63257874250412,3.8182122818645645
pipeline_13,"(5, 4, 0.3, 0.8, 0.5)",5,4,0.3,0.8,0.8,17.057283385594687,5.63257874250412,3.8162978863315544
pipeline_14,"(5, 4, 0.3, 0.8, 0.75)",5,4,0.3,0.8,0.8,9.230055093765259,5.63257874250412,3.832423691133611
pipeline_15,"(5, 4, 0.3, 0.8, 1.0)",5,4,0.3,0.8,0.8,6.1522588650385535,5.63257874250412,3.8471985301531006
pipeline_16,"(5, 4, 0.3, 0.9, 0.25)",5,4,0.3,0.9,0.9,51.94785779714584,5.63257874250412,3.8182122818645645
pipeline_17,"(5, 4, 0.3, 0.9, 0.5)",5,4,0.3,0.9,0.9,17.034838593006135,5.63257874250412,3.8162978863315544
pipeline_18,"(5, 4, 0.3, 0.9, 0.75)",5,4,0.3,0.9,0.9,9.197427582740783,5.63257874250412,3.832423691133611
pipeline_19,"(5, 4, 0.3, 0.9, 1.0)",5,4,0.3,0.9,0.9,6.129374396800995,5.63257874250412,3.8471985301531006
pipeline_20,"(5, 4, 0.3, 1.0, 0.25)",5,4,0.3,1.0,1.0,104.60521040360133,5.63257874250412,3.8182122818645645
pipeline_21,"(5, 4, 0.3, 1.0, 0.5)",5,4,0.3,1.0,1.0,17.208146580060323,5.63257874250412,3.8162978863315544
pipeline_22,"(5, 4, 0.3, 1.0, 0.75)",5,4,0.3,1.0,1.0,9.215572988986969,5.63257874250412,3.832423691133611
pipeline_23,"(5, 4, 0.3, 1.0, 1.0)",5,4,0.3,1.0,1.0,6.148113306363424,5.63257874250412,3.8471985301531006
pipeline_24,"(5, 4, 0.5, 0.8, 0.25)",5,4,0.5,0.8,0.8,52.01280105908712,5.63257874250412,3.8182122818645645
pipeline_25,"(5, 4, 0.5, 0.8, 0.5)",5,4,0.5,0.8,0.8,17.15165504614512,5.63257874250412,3.8162978863315544
pipeline_26,"(5, 4, 0.5, 0.8, 0.75)",5,4,0.5,0.8,0.8,9.215910840034486,5.63257874250412,3.832423691133611
pipeline_27,"(5, 4, 0.5, 0.8, 1.0)",5,4,0.5,0.8,0.8,6.147693435351054,5.63257874250412,3.8471985301531006
pipeline_28,"(5, 4, 0.5, 0.9, 0.25)",5,4,0.5,0.9,0.9,51.375313913822175,5.63257874250412,3.8182122818645645
pipeline_29,"(5, 4, 0.5, 0.9, 0.5)",5,4,0.5,0.9,0.9,17.147529983520506,5.63257874250412,3.8162978863315544
pipeline_30,"(5, 4, 0.5, 0.9, 0.75)",5,4,0.5,0.9,0.9,9.206073176860809,5.63257874250412,3.832423691133611
pipeline_31,"(5, 4, 0.5, 0.9, 1.0)",5,4,0.5,0.9,0.9,6.153339616457621,5.63257874250412,3.8471985301531006
pipeline_32,"(5, 4, 0.5, 1.0, 0.25)",5,4,0.5,1.0,1.0,51.317425934473675,5.63257874250412,3.8182122818645645
pipeline_33,"(5, 4, 0.5, 1.0, 0.5)",5,4,0.5,1.0,1.0,17.107729236284893,5.63257874250412,3.8162978863315544
pipeline_34,"(5, 4, 0.5, 1.0, 0.75)",5,4,0.5,1.0,1.0,9.250926844278972,5.63257874250412,3.832423691133611
pipeline_35,"(5, 4, 0.5, 1.0, 1.0)",5,4,0.5,1.0,1.0,6.164521547158559,5.63257874250412,3.8471985301531006
pipeline_36,"(5, 11, 0.1, 0.8, 0.25)",5,11,0.1,0.8,0.8,54.09468677441279,5.63257874250412,3.7937107588080448
pipeline_37,"(5, 11, 0.1, 0.8, 0.5)",5,11,0.1,0.8,0.8,18.09289804697037,5.63257874250412,3.7978886849587017
pipeline_38,"(5, 11, 0.1, 0.8, 0.75)",5,11,0.1,0.8,0.8,9.59606719414393,5.63257874250412,3.807840342453778
pipeline_39,"(5, 11, 0.1, 0.8, 1.0)",5,11,0.1,0.8,0.8,6.592741119861603,5.676406971613566,3.845750854246557
pipeline_40,"(5, 11, 0.1, 0.9, 0.25)",5,11,0.1,0.9,0.9,54.16771580775579,5.63257874250412,3.7977182126623745
pipeline_41,"(5, 11, 0.1, 0.9, 0.5)",5,11,0.1,0.9,0.9,17.97689496676127,5.63257874250412,3.7978886849587017
pipeline_42,"(5, 11, 0.1, 0.9, 0.75)",5,11,0.1,0.9,0.9,9.60174100001653,5.63257874250412,3.807840342453778
pipeline_43,"(5, 11, 0.1, 0.9, 1.0)",5,11,0.1,0.9,0.9,6.594480045636495,5.676406971613566,3.845750854246557
pipeline_44,"(5, 11, 0.1, 1.0, 0.25)",5,11,0.1,1.0,1.0,53.9426628112793,5.63257874250412,3.7977182126623745
pipeline_45,"(5, 11, 0.1, 1.0, 0.5)",5,11,0.1,1.0,1.0,17.99330486456553,5.63257874250412,3.7978886849587017
pipeline_46,"(5, 11, 0.1, 1.0, 0.75)",5,11,0.1,1.0,1.0,9.613477818171184,5.63257874250412,3.807840342453778
pipeline_47,"(5, 11, 0.1, 1.0, 1.0)",5,11,0.1,1.0,1.0,6.592141656080882,5.676406971613566,3.845750854246557
pipeline_48,"(5, 11, 0.3, 0.8, 0.25)",5,11,0.3,0.8,0.8,54.10200972954432,5.63257874250412,3.7977182126623745
pipeline_49,"(5, 11, 0.3, 0.8, 0.5)",5,11,0.3,0.8,0.8,17.98002859354019,5.63257874250412,3.7978886849587017
pipeline_50,"(5, 11, 0.3, 0.8, 0.75)",5,11,0.3,0.8,0.8,9.649182438850403,5.63257874250412,3.807840342453778
pipeline_51,"(5, 11, 0.3, 0.8, 1.0)",5,11,0.3,0.8,0.8,6.54743994474411,5.676406971613566,3.845750854246557
pipeline_52,"(5, 11, 0.3, 0.9, 0.25)",5,11,0.3,0.9,0.9,54.12082807223002,5.63257874250412,3.7977182126623745
pipeline_53,"(5, 11, 0.3, 0.9, 0.5)",5,11,0.3,0.9,0.9,17.947804681460063,5.63257874250412,3.7978886849587017
pipeline_54,"(5, 11, 0.3, 0.9, 0.75)",5,11,0.3,0.9,0.9,9.641531829039256,5.63257874250412,3.807840342453778
pipeline_55,"(5, 11, 0.3, 0.9, 1.0)",5,11,0.3,0.9,0.9,6.6317192077636715,5.676406971613566,3.845750854246557
pipeline_56,"(5, 11, 0.3, 1.0, 0.25)",5,11,0.3,1.0,1.0,54.24600385824839,5.63257874250412,3.7977182126623745
pipeline_57,"(5, 11, 0.3, 1.0, 0.5)",5,11,0.3,1.0,1.0,18.001913559436797,5.63257874250412,3.7978886849587017
pipeline_58,"(5, 11, 0.3, 1.0, 0.75)",5,11,0.3,1.0,1.0,9.607303543885548,5.63257874250412,3.807840342453778
pipeline_59,"(5, 11, 0.3, 1.0, 1.0)",5,11,0.3,1.0,1.0,6.464157489935557,5.676406971613566,3.845750854246557
pipeline_60,"(5, 11, 0.5, 0.8, 0.25)",5,11,0.5,0.8,0.8,54.121802099545796,5.63257874250412,3.7977182126623745
pipeline_61,"(5, 11, 0.5, 0.8, 0.5)",5,11,0.5,0.8,0.8,17.995810468991596,5.63257874250412,3.7978886849587017
pipeline_62,"(5, 11, 0.5, 0.8, 0.75)",5,11,0.5,0.8,0.8,10.077179916699727,5.676406971613566,3.8047691159877424
pipeline_63,"(5, 11, 0.5, 0.8, 1.0)",5,11,0.5,0.8,0.8,6.531114625930786,5.676406971613566,3.845750854246557
pipeline_64,"(5, 11, 0.5, 0.9, 0.25)",5,11,0.5,0.9,0.9,54.43227505286534,5.63257874250412,3.7977182126623745
pipeline_65,"(5, 11, 0.5, 0.9, 0.5)",5,11,0.5,0.9,0.9,18.016659490267436,5.63257874250412,3.7978886849587017
pipeline_66,"(5, 11, 0.5, 0.9, 0.75)",5,11,0.5,0.9,0.9,9.834884484608969,5.676406971613566,3.807840342453778
pipeline_67,"(5, 11, 0.5, 0.9, 1.0)",5,11,0.5,0.9,0.9,6.470584468046824,5.676406971613566,3.845750854246557
pipeline_68,"(5, 11, 0.5, 1.0, 0.25)",5,11,0.5,1.0,1.0,54.136687179406486,5.63257874250412,3.7977182126623745
pipeline_69,"(5, 11, 0.5, 1.0, 0.5)",5,11,0.5,1.0,1.0,18.030906689167022,5.63257874250412,3.7978886849587017
pipeline_70,"(5, 11, 0.5, 1.0, 0.75)",5,11,0.5,1.0,1.0,9.89749935468038,5.676406971613566,3.807840342453778
pipeline_71,"(5, 11, 0.5, 1.0, 1.0)",5,11,0.5,1.0,1.0,6.432227452596028,5.676406971613566,3.845750854246557
pipeline_72,"(5, 18, 0.1, 0.8, 0.25)",5,18,0.1,0.8,0.8,56.057205923398335,5.676406971613566,3.8031853859173097
pipeline_73,"(5, 18, 0.1, 0.8, 0.5)",5,18,0.1,0.8,0.8,18.527518689632416,5.676406971613566,3.8028071346507435
pipeline_74,"(5, 18, 0.1, 0.8, 0.75)",5,18,0.1,0.8,0.8,9.848446853955586,5.676406971613566,3.8182154425583743
pipeline_75,"(5, 18, 0.1, 0.8, 1.0)",5,18,0.1,0.8,0.8,6.541258462270101,5.676406971613566,3.847267737536278
pipeline_76,"(5, 18, 0.1, 0.9, 0.25)",5,18,0.1,0.9,0.9,56.61064727306366,5.676406971613566,3.80461274523379
pipeline_77,"(5, 18, 0.1, 0.9, 0.5)",5,18,0.1,0.9,0.9,18.555269018809,5.676406971613566,3.8028071346507435
pipeline_78,"(5, 18, 0.1, 0.9, 0.75)",5,18,0.1,0.9,0.9,9.869984710216523,5.676406971613566,3.8182154425583743
pipeline_79,"(5, 18, 0.1, 0.9, 1.0)",5,18,0.1,0.9,0.9,6.527867897351583,5.676406971613566,3.847267737536278
pipeline_80,"(5, 18, 0.1, 1.0, 0.25)",5,18,0.1,1.0,1.0,56.05058930714925,5.676406971613566,3.801121125428107
pipeline_81,"(5, 18, 0.1, 1.0, 0.5)",5,18,0.1,1.0,1.0,18.50565051237742,5.676406971613566,3.8028071346507435
pipeline_82,"(5, 18, 0.1, 1.0, 0.75)",5,18,0.1,1.0,1.0,9.872960623105367,5.676406971613566,3.8182154425583743
pipeline_83,"(5, 18, 0.1, 1.0, 1.0)",5,18,0.1,1.0,1.0,6.527263208230337,5.676406971613566,3.847267737536278
pipeline_84,"(5, 18, 0.3, 0.8, 0.25)",5,18,0.3,0.8,0.8,56.145828107992806,5.676406971613566,3.8034581785576247
pipeline_85,"(5, 18, 0.3, 0.8, 0.5)",5,18,0.3,0.8,0.8,18.475164786974588,5.676406971613566,3.8028071346507435
pipeline_86,"(5, 18, 0.3, 0.8, 0.75)",5,18,0.3,0.8,0.8,9.848216919104258,5.676406971613566,3.8182154425583743
pipeline_87,"(5, 18, 0.3, 0.8, 1.0)",5,18,0.3,0.8,0.8,6.525275468826294,5.676406971613566,3.847267737536278
pipeline_88,"(5, 18, 0.3, 0.9, 0.25)",5,18,0.3,0.9,0.9,56.05001552899679,5.676406971613566,3.8034581785576247
pipeline_89,"(5, 18, 0.3, 0.9, 0.5)",5,18,0.3,0.9,0.9,18.505761675039928,5.676406971613566,3.8028071346507435
pipeline_90,"(5, 18, 0.3, 0.9, 0.75)",5,18,0.3,0.9,0.9,9.852412231763203,5.676406971613566,3.8182154425583743
pipeline_91,"(5, 18, 0.3, 0.9, 1.0)",5,18,0.3,0.9,0.9,6.531286513805389,5.676406971613566,3.847267737536278
pipeline_92,"(5, 18, 0.3, 1.0, 0.25)",5,18,0.3,1.0,1.0,56.04953245719274,5.676406971613566,3.8034581785576247
pipeline_93,"(5, 18, 0.3, 1.0, 0.5)",5,18,0.3,1.0,1.0,18.486031182607015,5.676406971613566,3.8028071346507435
pipeline_94,"(5, 18, 0.3, 1.0, 0.75)",5,18,0.3,1.0,1.0,9.852786986033122,5.676406971613566,3.8182154425583743
pipeline_95,"(5, 18, 0.3, 1.0, 1.0)",5,18,0.3,1.0,1.0,6.5420580267906185,5.676406971613566,3.847267737536278
pipeline_96,"(5, 18, 0.5, 0.8, 0.25)",5,18,0.5,0.8,0.8,56.08072884877523,5.676406971613566,3.8034581785576247
pipeline_97,"(5, 18, 0.5, 0.8, 0.5)",5,18,0.5,0.8,0.8,18.42763400475184,5.676406971613566,3.8028071346507435
pipeline_98,"(5, 18, 0.5, 0.8, 0.75)",5,18,0.5,0.8,0.8,9.847193030516307,5.676406971613566,3.8182154425583743
pipeline_99,"(5, 18, 0.5, 0.8, 1.0)",5,18,0.5,0.8,0.8,6.544096386432647,5.676406971613566,3.847267737536278
pipeline_100,"(5, 18, 0.5, 0.9, 0.25)",5,18,0.5,0.9,0.9,56.12032645543416,5.676406971613566,3.8034581785576247
pipeline_101,"(5, 18, 0.5, 0.9, 0.5)",5,18,0.5,0.9,0.9,18.507206654548646,5.676406971613566,3.8028071346507435
pipeline_102,"(5, 18, 0.5, 0.9, 0.75)",5,18,0.5,0.9,0.9,9.862233571211497,5.676406971613566,3.8182154425583743
pipeline_103,"(5, 18, 0.5, 0.9, 1.0)",5,18,0.5,0.9,0.9,6.527519885698954,5.676406971613566,3.847267737536278
pipeline_104,"(5, 18, 0.5, 1.0, 0.25)",5,18,0.5,1.0,1.0,56.091839440663655,5.676406971613566,3.8034581785576247
pipeline_105,"(5, 18, 0.5, 1.0, 0.5)",5,18,0.5,1.0,1.0,18.53619448343913,5.676406971613566,3.8028071346507435
pipeline_106,"(5, 18, 0.5, 1.0, 0.75)",5,18,0.5,1.0,1.0,9.872144722938538,5.676406971613566,3.8182154425583743
pipeline_107,"(5, 18, 0.5, 1.0, 1.0)",5,18,0.5,1.0,1.0,6.53081302245458,5.676406971613566,3.847267737536278
pipeline_108,"(5, 25, 0.1, 0.8, 0.25)",5,25,0.1,0.8,0.8,57.057927997907,5.676406971613566,3.8112015964813857
pipeline_109,"(5, 25, 0.1, 0.8, 0.5)",5,25,0.1,0.8,0.8,19.142099603017172,5.676406971613566,3.812060980449706
pipeline_110,"(5, 25, 0.1, 0.8, 0.75)",5,25,0.1,0.8,0.8,10.127467942237853,5.676406971613566,3.8239921466195472
pipeline_111,"(5, 25, 0.1, 0.8, 1.0)",5,25,0.1,0.8,0.8,6.70362640619278,5.623856429258982,3.8553311920360507
pipeline_112,"(5, 25, 0.1, 0.9, 0.25)",5,25,0.1,0.9,0.9,57.21746393442154,5.676406971613566,3.812447666695906
pipeline_113,"(5, 25, 0.1, 0.9, 0.5)",5,25,0.1,0.9,0.9,18.93293362458547,5.676406971613566,3.812060980449706
pipeline_114,"(5, 25, 0.1, 0.9, 0.75)",5,25,0.1,0.9,0.9,10.16408572991689,5.676406971613566,3.8239921466195472
pipeline_115,"(5, 25, 0.1, 0.9, 1.0)",5,25,0.1,0.9,0.9,6.710869606335958,5.623856429258982,3.8531075372510237
pipeline_116,"(5, 25, 0.1, 1.0, 0.25)",5,25,0.1,1.0,1.0,57.2795450647672,5.676406971613566,3.812447666695906
pipeline_117,"(5, 25, 0.1, 1.0, 0.5)",5,25,0.1,1.0,1.0,18.769980573654173,5.676406971613566,3.812060980449706
pipeline_118,"(5, 25, 0.1, 1.0, 0.75)",5,25,0.1,1.0,1.0,10.1557252963384,5.676406971613566,3.8239921466195472
pipeline_119,"(5, 25, 0.1, 1.0, 1.0)",5,25,0.1,1.0,1.0,6.695706415176391,5.623856429258982,3.8531075372510237
pipeline_120,"(5, 25, 0.3, 0.8, 0.25)",5,25,0.3,0.8,0.8,57.36197658777237,5.676406971613566,3.812447666695906
pipeline_121,"(5, 25, 0.3, 0.8, 0.5)",5,25,0.3,0.8,0.8,18.81259744167328,5.676406971613566,3.812060980449706
pipeline_122,"(5, 25, 0.3, 0.8, 0.75)",5,25,0.3,0.8,0.8,10.095754377047221,5.676406971613566,3.8239921466195472
pipeline_123,"(5, 25, 0.3, 0.8, 1.0)",5,25,0.3,0.8,0.8,6.706991958618164,5.623856429258982,3.8531075372510237
pipeline_124,"(5, 25, 0.3, 0.9, 0.25)",5,25,0.3,0.9,0.9,57.487727121512094,5.676406971613566,3.812447666695906
pipeline_125,"(5, 25, 0.3, 0.9, 0.5)",5,25,0.3,0.9,0.9,18.809425882498424,5.676406971613566,3.812060980449706
pipeline_126,"(5, 25, 0.3, 0.9, 0.75)",5,25,0.3,0.9,0.9,10.046575355529786,5.676406971613566,3.8239921466195472
pipeline_127,"(5, 25, 0.3, 0.9, 1.0)",5,25,0.3,0.9,0.9,6.697791274388631,5.623856429258982,3.8531075372510237
pipeline_128,"(5, 25, 0.3, 1.0, 0.25)",5,25,0.3,1.0,1.0,58.592795586586,5.676406971613566,3.812447666695906
pipeline_129,"(5, 25, 0.3, 1.0, 0.5)",5,25,0.3,1.0,1.0,18.923609391848245,5.676406971613566,3.812060980449706
pipeline_130,"(5, 25, 0.3, 1.0, 0.75)",5,25,0.3,1.0,1.0,10.042187603314717,5.676406971613566,3.8239921466195472
pipeline_131,"(5, 25, 0.3, 1.0, 1.0)",5,25,0.3,1.0,1.0,6.70043922662735,5.623856429258982,3.8531075372510237
pipeline_132,"(5, 25, 0.5, 0.8, 0.25)",5,25,0.5,0.8,0.8,57.63223284085591,5.676406971613566,3.812447666695906
pipeline_133,"(5, 25, 0.5, 0.8, 0.5)",5,25,0.5,0.8,0.8,18.79677545229594,5.676406971613566,3.812060980449706
pipeline_134,"(5, 25, 0.5, 0.8, 0.75)",5,25,0.5,0.8,0.8,10.007984268665314,5.676406971613566,3.8239921466195472
pipeline_135,"(5, 25, 0.5, 0.8, 1.0)",5,25,0.5,0.8,0.8,6.709610390663147,5.623856429258982,3.8531075372510237
pipeline_136,"(5, 25, 0.5, 0.9, 0.25)",5,25,0.5,0.9,0.9,57.72741511265437,5.676406971613566,3.812447666695906
pipeline_137,"(5, 25, 0.5, 0.9, 0.5)",5,25,0.5,0.9,0.9,18.809093507130942,5.676406971613566,3.812060980449706
pipeline_138,"(5, 25, 0.5, 0.9, 0.75)",5,25,0.5,0.9,0.9,10.113515671094259,5.686386350790659,3.825175460722832
pipeline_139,"(5, 25, 0.5, 0.9, 1.0)",5,25,0.5,0.9,0.9,6.707263497511546,5.623856429258982,3.8531075372510237
pipeline_140,"(5, 25, 0.5, 1.0, 0.25)",5,25,0.5,1.0,1.0,57.77734177509944,5.676406971613566,3.812447666695906
pipeline_141,"(5, 25, 0.5, 1.0, 0.5)",5,25,0.5,1.0,1.0,18.822429994742077,5.676406971613566,3.812060980449706
pipeline_142,"(5, 25, 0.5, 1.0, 1.0)",5,25,0.5,1.0,1.0,6.700836626688639,5.623856429258982,3.8531075372510237
pipeline_143,"(5, 32, 0.1, 0.8, 0.25)",5,32,0.1,0.8,0.8,58.689906505743664,5.623856429258982,3.816080423694059
pipeline_144,"(5, 32, 0.1, 0.8, 0.5)",5,32,0.1,0.8,0.8,19.185669779777527,5.623856429258982,3.82831782781758
pipeline_145,"(5, 32, 0.1, 0.8, 0.75)",5,32,0.1,0.8,0.8,10.177207275231678,5.623856429258982,3.833588787662263
pipeline_146,"(5, 32, 0.1, 0.8, 1.0)",5,32,0.1,0.8,0.8,6.704434474309285,5.623856429258982,3.8701487418513825
pipeline_147,"(5, 32, 0.1, 0.9, 0.25)",5,32,0.1,0.9,0.9,58.72735570669174,5.623856429258982,3.816080423694059
pipeline_148,"(5, 32, 0.1, 0.9, 0.5)",5,32,0.1,0.9,0.9,19.183862853050233,5.623856429258982,3.82831782781758
pipeline_149,"(5, 32, 0.1, 0.9, 0.75)",5,32,0.1,0.9,0.9,10.170722631613414,5.623856429258982,3.833588787662263
pipeline_150,"(5, 32, 0.1, 0.9, 1.0)",5,32,0.1,0.9,0.9,6.705490847428639,5.623856429258982,3.8701487418513825
pipeline_151,"(5, 32, 0.1, 1.0, 0.25)",5,32,0.1,1.0,1.0,58.79856274525324,5.623856429258982,3.816080423694059
pipeline_152,"(5, 32, 0.1, 1.0, 0.5)",5,32,0.1,1.0,1.0,19.20543565750122,5.623856429258982,3.82831782781758
pipeline_153,"(5, 32, 0.1, 1.0, 0.75)",5,32,0.1,1.0,1.0,10.17773243188858,5.623856429258982,3.833588787662263
pipeline_154,"(5, 32, 0.1, 1.0, 1.0)",5,32,0.1,1.0,1.0,6.686744423707326,5.623856429258982,3.8701487418513825
pipeline_155,"(5, 32, 0.3, 0.8, 0.25)",5,32,0.3,0.8,0.8,58.70840028524399,5.623856429258982,3.816080423694059
pipeline_156,"(5, 32, 0.3, 0.8, 0.5)",5,32,0.3,0.8,0.8,19.242160439491272,5.623856429258982,3.82831782781758
pipeline_157,"(5, 32, 0.3, 0.8, 0.75)",5,32,0.3,0.8,0.8,10.17196452220281,5.623856429258982,3.833588787662263
pipeline_158,"(5, 32, 0.3, 0.8, 1.0)",5,32,0.3,0.8,0.8,6.696139852205913,5.623856429258982,3.8701487418513825
pipeline_159,"(5, 32, 0.3, 0.9, 0.25)",5,32,0.3,0.9,0.9,58.76216668287913,5.623856429258982,3.816080423694059
pipeline_160,"(5, 32, 0.3, 0.9, 0.5)",5,32,0.3,0.9,0.9,19.095517806212108,5.623856429258982,3.82831782781758
pipeline_161,"(5, 32, 0.3, 0.9, 0.75)",5,32,0.3,0.9,0.9,10.143813117345173,5.623856429258982,3.833588787662263
pipeline_162,"(5, 32, 0.3, 0.9, 1.0)",5,32,0.3,0.9,0.9,6.7111014246940615,5.623856429258982,3.8701487418513825
pipeline_163,"(5, 32, 0.3, 1.0, 0.25)",5,32,0.3,1.0,1.0,58.7833523551623,5.623856429258982,3.816080423694059
pipeline_164,"(5, 32, 0.3, 1.0, 0.5)",5,32,0.3,1.0,1.0,19.09332508643468,5.623856429258982,3.82831782781758
pipeline_165,"(5, 32, 0.3, 1.0, 0.75)",5,32,0.3,1.0,1.0,10.144560106595357,5.623856429258982,3.833588787662263
pipeline_166,"(5, 32, 0.3, 1.0, 1.0)",5,32,0.3,1.0,1.0,6.702869081497193,5.623856429258982,3.8701487418513825
pipeline_167,"(5, 32, 0.5, 0.8, 0.25)",5,32,0.5,0.8,0.8,58.70747451782226,5.623856429258982,3.816080423694059
pipeline_168,"(5, 32, 0.5, 0.8, 0.5)",5,32,0.5,0.8,0.8,19.07534597317378,5.623856429258982,3.82831782781758
pipeline_169,"(5, 32, 0.5, 0.8, 0.75)",5,32,0.5,0.8,0.8,10.150494368871053,5.623856429258982,3.833588787662263
pipeline_170,"(5, 32, 0.5, 0.8, 1.0)",5,32,0.5,0.8,0.8,6.713318602244059,5.623856429258982,3.8701487418513825
pipeline_171,"(5, 32, 0.5, 0.9, 0.25)",5,32,0.5,0.9,0.9,58.751450892289476,5.623856429258982,3.816080423694059
pipeline_172,"(5, 32, 0.5, 0.9, 0.5)",5,32,0.5,0.9,0.9,19.14050654967626,5.623856429258982,3.82831782781758
pipeline_173,"(5, 32, 0.5, 0.9, 0.75)",5,32,0.5,0.9,0.9,10.164714296658834,5.623856429258982,3.833588787662263
pipeline_174,"(5, 32, 0.5, 0.9, 1.0)",5,32,0.5,0.9,0.9,6.720809781551361,5.623856429258982,3.8701487418513825
pipeline_175,"(5, 32, 0.5, 1.0, 0.25)",5,32,0.5,1.0,1.0,58.73199321031571,5.623856429258982,3.816080423694059
pipeline_176,"(5, 32, 0.5, 1.0, 0.5)",5,32,0.5,1.0,1.0,19.128550958633422,5.623856429258982,3.82831782781758
pipeline_177,"(5, 32, 0.5, 1.0, 0.75)",5,32,0.5,1.0,1.0,10.203646735350292,5.623856429258982,3.833588787662263
pipeline_178,"(5, 32, 0.5, 1.0, 1.0)",5,32,0.5,1.0,1.0,6.716262670358022,5.623856429258982,3.8701487418513825
pipeline_179,"(25, 4, 0.1, 0.8, 0.25)",25,4,0.1,0.8,0.8,82.07774201234182,13.973805975914,3.3072214332422707
pipeline_180,"(25, 4, 0.1, 0.8, 0.5)",25,4,0.1,0.8,0.8,28.057721304893494,13.973805975914,3.307996154401744
pipeline_181,"(25, 4, 0.1, 0.8, 0.75)",25,4,0.1,0.8,0.8,15.430496867497762,13.973805975914,3.3188413974499724
pipeline_182,"(25, 4, 0.1, 0.8, 1.0)",25,4,0.1,0.8,0.8,10.461187263329824,13.973805975914,3.349111576086658
pipeline_183,"(25, 4, 0.1, 0.9, 0.25)",25,4,0.1,0.9,0.9,82.00048101743063,13.973805975914,3.3072214332422707
pipeline_184,"(25, 4, 0.1, 0.9, 0.5)",25,4,0.1,0.9,0.9,27.989822510878245,13.973805975914,3.307996154401744
pipeline_185,"(25, 4, 0.1, 0.9, 0.75)",25,4,0.1,0.9,0.9,15.421160888671874,13.973805975914,3.3188413974499724
pipeline_186,"(25, 4, 0.1, 0.9, 1.0)",25,4,0.1,0.9,0.9,10.459469000498453,13.973805975914,3.349111576086658
pipeline_187,"(25, 4, 0.1, 1.0, 0.25)",25,4,0.1,1.0,1.0,81.8813460667928,13.973805975914,3.3072214332422707
pipeline_188,"(25, 4, 0.1, 1.0, 0.5)",25,4,0.1,1.0,1.0,28.00179957151413,13.973805975914,3.307996154401744
pipeline_189,"(25, 4, 0.1, 1.0, 0.75)",25,4,0.1,1.0,1.0,15.430133763949076,13.973805975914,3.3188413974499724
pipeline_190,"(25, 4, 0.1, 1.0, 1.0)",25,4,0.1,1.0,1.0,10.476916726430257,13.973805975914,3.349111576086658
pipeline_191,"(25, 4, 0.3, 0.8, 0.25)",25,4,0.3,0.8,0.8,82.0375194867452,13.973805975914,3.3072214332422707
pipeline_192,"(25, 4, 0.3, 0.8, 0.5)",25,4,0.3,0.8,0.8,28.016407203674316,13.973805975914,3.307996154401744
pipeline_193,"(25, 4, 0.3, 0.8, 0.75)",25,4,0.3,0.8,0.8,15.43873288234075,13.973805975914,3.3188413974499724
pipeline_194,"(25, 4, 0.3, 0.8, 1.0)",25,4,0.3,0.8,0.8,10.477054603894551,13.973805975914,3.349111576086658
pipeline_195,"(25, 4, 0.3, 0.9, 0.25)",25,4,0.3,0.9,0.9,81.86141335566839,13.973805975914,3.3072214332422707
pipeline_196,"(25, 4, 0.3, 0.9, 0.5)",25,4,0.3,0.9,0.9,28.01183167298635,13.973805975914,3.307996154401744
pipeline_197,"(25, 4, 0.3, 0.9, 0.75)",25,4,0.3,0.9,0.9,15.438439118862153,13.973805975914,3.3188413974499724
pipeline_198,"(25, 4, 0.3, 0.9, 1.0)",25,4,0.3,0.9,0.9,10.464399572213491,13.973805975914,3.349111576086658
pipeline_199,"(25, 4, 0.3, 1.0, 0.25)",25,4,0.3,1.0,1.0,81.88051847219467,13.973805975914,3.3072214332422707
pipeline_200,"(25, 4, 0.3, 1.0, 0.5)",25,4,0.3,1.0,1.0,28.099353341261544,13.973805975914,3.307996154401744
pipeline_201,"(25, 4, 0.3, 1.0, 0.75)",25,4,0.3,1.0,1.0,15.433271785577139,13.973805975914,3.3188413974499724
pipeline_202,"(25, 4, 0.3, 1.0, 1.0)",25,4,0.3,1.0,1.0,10.548988409837087,13.973805975914,3.349111576086658
pipeline_203,"(25, 4, 0.5, 0.8, 0.25)",25,4,0.5,0.8,0.8,81.72918832302094,13.973805975914,3.3072214332422707
pipeline_204,"(25, 4, 0.5, 0.8, 0.5)",25,4,0.5,0.8,0.8,27.99570055802663,13.973805975914,3.307996154401744
pipeline_205,"(25, 4, 0.5, 0.8, 0.75)",25,4,0.5,0.8,0.8,15.435246654351552,13.973805975914,3.3188413974499724
pipeline_206,"(25, 4, 0.5, 0.8, 1.0)",25,4,0.5,0.8,0.8,10.512075261274974,13.973805975914,3.349111576086658
pipeline_207,"(25, 4, 0.5, 0.9, 0.25)",25,4,0.5,0.9,0.9,82.43751028776168,13.973805975914,3.3072214332422707
pipeline_208,"(25, 4, 0.5, 0.9, 0.5)",25,4,0.5,0.9,0.9,28.034495357672373,13.973805975914,3.307996154401744
pipeline_209,"(25, 4, 0.5, 0.9, 0.75)",25,4,0.5,0.9,0.9,15.430311067899067,13.973805975914,3.3188413974499724
pipeline_210,"(25, 4, 0.5, 0.9, 1.0)",25,4,0.5,0.9,0.9,10.451321717103323,13.973805975914,3.349111576086658
pipeline_211,"(25, 4, 0.5, 1.0, 0.25)",25,4,0.5,1.0,1.0,82.12950872977575,13.973805975914,3.3072214332422707
pipeline_212,"(25, 4, 0.5, 1.0, 0.5)",25,4,0.5,1.0,1.0,28.051890206336974,13.973805975914,3.307996154401744
pipeline_213,"(25, 4, 0.5, 1.0, 0.75)",25,4,0.5,1.0,1.0,15.518964838981628,13.973805975914,3.3188413974499724
pipeline_214,"(25, 4, 0.5, 1.0, 1.0)",25,4,0.5,1.0,1.0,10.45168968041738,13.973805975914,3.349111576086658
pipeline_215,"(25, 11, 0.1, 0.8, 0.25)",25,11,0.1,0.8,0.8,86.86928724050522,13.973805975914,3.287516541134142
pipeline_216,"(25, 11, 0.1, 0.8, 0.75)",25,11,0.1,0.8,0.8,16.542310122648875,14.036886330445608,3.2964905608364052
pipeline_217,"(25, 11, 0.1, 0.8, 1.0)",25,11,0.1,0.8,0.8,11.08969955444336,14.036886330445608,3.321682708388318
pipeline_218,"(25, 11, 0.1, 0.9, 0.25)",25,11,0.1,0.9,0.9,87.45029155015945,13.973805975914,3.282725510943772
pipeline_219,"(25, 11, 0.1, 0.9, 0.5)",25,11,0.1,0.9,0.9,30.24160252014796,14.036886330445608,3.293457354579097
pipeline_220,"(25, 11, 0.1, 0.9, 0.75)",25,11,0.1,0.9,0.9,16.547944370905558,14.036886330445608,3.2964905608364052
pipeline_221,"(25, 11, 0.1, 0.9, 1.0)",25,11,0.1,0.9,0.9,11.08057561715444,14.036886330445608,3.321682708388318
pipeline_222,"(25, 11, 0.1, 1.0, 0.25)",25,11,0.1,1.0,1.0,87.50801473061243,13.973805975914,3.282725510943772
pipeline_223,"(25, 11, 0.1, 1.0, 0.5)",25,11,0.1,1.0,1.0,30.245800236860912,14.036886330445608,3.2905875985585293
pipeline_224,"(25, 11, 0.1, 1.0, 0.75)",25,11,0.1,1.0,1.0,16.51352126598358,14.036886330445608,3.2964905608364052
pipeline_225,"(25, 11, 0.1, 1.0, 1.0)",25,11,0.1,1.0,1.0,11.092765537897746,14.036886330445608,3.321682708388318
pipeline_226,"(25, 11, 0.3, 0.8, 0.25)",25,11,0.3,0.8,0.8,87.71368111769358,13.973805975914,3.282725510943772
pipeline_227,"(25, 11, 0.3, 0.8, 0.5)",25,11,0.3,0.8,0.8,30.18772571484248,14.036886330445608,3.2905875985585293
pipeline_228,"(25, 11, 0.3, 0.8, 0.75)",25,11,0.3,0.8,0.8,16.513301356633505,14.036886330445608,3.2964905608364052
pipeline_229,"(25, 11, 0.3, 0.8, 1.0)",25,11,0.3,0.8,0.8,11.08914761543274,14.036886330445608,3.321682708388318
pipeline_230,"(25, 11, 0.3, 0.9, 0.25)",25,11,0.3,0.9,0.9,87.64272394975026,13.973805975914,3.282725510943772
pipeline_231,"(25, 11, 0.3, 0.9, 0.5)",25,11,0.3,0.9,0.9,30.135689524809518,14.036886330445608,3.2905875985585293
pipeline_232,"(25, 11, 0.3, 0.9, 0.75)",25,11,0.3,0.9,0.9,16.524110786120097,14.036886330445608,3.2964905608364052
pipeline_233,"(25, 11, 0.3, 0.9, 1.0)",25,11,0.3,0.9,0.9,11.113219865163167,14.036886330445608,3.321682708388318
pipeline_234,"(25, 11, 0.3, 1.0, 0.25)",25,11,0.3,1.0,1.0,87.83565982580186,13.973805975914,3.282725510943772
pipeline_235,"(25, 11, 0.3, 1.0, 0.5)",25,11,0.3,1.0,1.0,30.128592546780904,14.036886330445608,3.2905875985585293
pipeline_236,"(25, 11, 0.3, 1.0, 0.75)",25,11,0.3,1.0,1.0,16.505206429958342,14.036886330445608,3.2964905608364052
pipeline_237,"(25, 11, 0.3, 1.0, 1.0)",25,11,0.3,1.0,1.0,11.085070319970448,14.036886330445608,3.321682708388318
pipeline_238,"(25, 11, 0.5, 0.8, 0.25)",25,11,0.5,0.8,0.8,87.31869260470073,13.973805975914,3.282725510943772
pipeline_239,"(25, 11, 0.5, 0.8, 0.5)",25,11,0.5,0.8,0.8,30.12310736576716,14.036886330445608,3.2905875985585293
pipeline_240,"(25, 11, 0.5, 0.8, 0.75)",25,11,0.5,0.8,0.8,16.508381466070812,14.036886330445608,3.2964905608364052
pipeline_241,"(25, 11, 0.5, 0.8, 1.0)",25,11,0.5,0.8,0.8,11.096227145195007,14.036886330445608,3.321682708388318
pipeline_242,"(25, 11, 0.5, 0.9, 0.25)",25,11,0.5,0.9,0.9,87.34237177371979,13.973805975914,3.282725510943772
pipeline_243,"(25, 11, 0.5, 0.9, 0.5)",25,11,0.5,0.9,0.9,30.15640276670456,14.036886330445608,3.2905875985585293
pipeline_244,"(25, 11, 0.5, 0.9, 0.75)",25,11,0.5,0.9,0.9,16.514085189501444,14.036886330445608,3.2964905608364052
pipeline_245,"(25, 11, 0.5, 0.9, 1.0)",25,11,0.5,0.9,0.9,11.090080988407134,14.036886330445608,3.321682708388318
pipeline_246,"(25, 11, 0.5, 1.0, 0.25)",25,11,0.5,1.0,1.0,87.43555703560511,13.973805975914,3.282725510943772
pipeline_247,"(25, 11, 0.5, 1.0, 0.5)",25,11,0.5,1.0,1.0,30.189051993687947,14.036886330445608,3.2905875985585293
pipeline_248,"(25, 11, 0.5, 1.0, 0.75)",25,11,0.5,1.0,1.0,16.51831753651301,14.036886330445608,3.2964905608364052
pipeline_249,"(25, 11, 0.5, 1.0, 1.0)",25,11,0.5,1.0,1.0,11.095862483978271,14.036886330445608,3.321682708388318
pipeline_250,"(25, 18, 0.1, 0.8, 0.25)",25,18,0.1,0.8,0.8,93.14644459883372,14.036886330445608,3.2984414912646933
pipeline_251,"(25, 18, 0.1, 0.8, 0.5)",25,18,0.1,0.8,0.8,31.600929621855418,14.036886330445608,3.3006788975647368
pipeline_252,"(25, 18, 0.1, 0.8, 0.75)",25,18,0.1,0.8,0.8,17.113607927163443,14.036886330445608,3.3087882047451824
pipeline_253,"(25, 18, 0.1, 0.8, 1.0)",25,18,0.1,0.8,0.8,11.470286734898885,14.02738315264384,3.3433126804623825
pipeline_254,"(25, 18, 0.1, 0.9, 0.25)",25,18,0.1,0.9,0.9,93.06244804064433,14.036886330445608,3.309736398181574
pipeline_255,"(25, 18, 0.1, 0.9, 0.5)",25,18,0.1,0.9,0.9,31.575026834011076,14.036886330445608,3.3006788975647368
pipeline_256,"(25, 18, 0.1, 0.9, 1.0)",25,18,0.1,0.9,0.9,11.469186933835347,14.02738315264384,3.3433126804623825
pipeline_257,"(25, 18, 0.1, 1.0, 0.25)",25,18,0.1,1.0,1.0,93.45152201652527,14.036886330445608,3.3056239576445066
pipeline_258,"(25, 18, 0.1, 1.0, 0.5)",25,18,0.1,1.0,1.0,31.59163213968277,14.036886330445608,3.3006788975647368
pipeline_259,"(25, 18, 0.1, 1.0, 0.75)",25,18,0.1,1.0,1.0,17.044984714190164,14.02738315264384,3.3257666206534964
pipeline_260,"(25, 18, 0.1, 1.0, 1.0)",25,18,0.1,1.0,1.0,11.472832604249318,14.02738315264384,3.3433126804623825
pipeline_261,"(25, 18, 0.3, 0.8, 0.25)",25,18,0.3,0.8,0.8,93.0607810775439,14.036886330445608,3.3038048633685584
pipeline_262,"(25, 18, 0.3, 0.8, 0.5)",25,18,0.3,0.8,0.8,31.596754721800487,14.036886330445608,3.3006788975647368
pipeline_263,"(25, 18, 0.3, 0.8, 0.75)",25,18,0.3,0.8,0.8,17.130139831701914,14.02738315264384,3.3176026810278625
pipeline_264,"(25, 18, 0.3, 0.8, 1.0)",25,18,0.3,0.8,0.8,11.478742396831512,14.02738315264384,3.3433126804623825
pipeline_265,"(25, 18, 0.3, 0.9, 0.25)",25,18,0.3,0.9,0.9,93.15297378698985,14.036886330445608,3.3038048633685584
pipeline_266,"(25, 18, 0.3, 0.9, 0.5)",25,18,0.3,0.9,0.9,31.607384943962096,14.036886330445608,3.3006788975647368
pipeline_267,"(25, 18, 0.3, 0.9, 0.75)",25,18,0.3,0.9,0.9,17.060718711217245,14.02738315264384,3.3104816969007995
pipeline_268,"(25, 18, 0.3, 0.9, 1.0)",25,18,0.3,0.9,0.9,11.467265911897023,14.02738315264384,3.3433126804623825
pipeline_269,"(25, 18, 0.3, 1.0, 0.25)",25,18,0.3,1.0,1.0,93.07451386054358,14.036886330445608,3.3038048633685584
pipeline_270,"(25, 18, 0.3, 1.0, 0.5)",25,18,0.3,1.0,1.0,31.594627118110658,14.036886330445608,3.3006788975647368
pipeline_271,"(25, 18, 0.3, 1.0, 0.75)",25,18,0.3,1.0,1.0,17.133863615989686,14.02738315264384,3.3146507967211924
pipeline_272,"(25, 18, 0.3, 1.0, 1.0)",25,18,0.3,1.0,1.0,11.474072202046711,14.02738315264384,3.3433126804623825
pipeline_273,"(25, 18, 0.5, 0.8, 0.25)",25,18,0.5,0.8,0.8,92.8908267736435,14.036886330445608,3.3038048633685584
pipeline_274,"(25, 18, 0.5, 0.8, 0.5)",25,18,0.5,0.8,0.8,31.605152813593545,14.036886330445608,3.3006788975647368
pipeline_275,"(25, 18, 0.5, 0.8, 0.75)",25,18,0.5,0.8,0.8,17.084441872437797,14.02738315264384,3.320837941096551
pipeline_276,"(25, 18, 0.5, 0.8, 1.0)",25,18,0.5,0.8,0.8,11.449848222732545,14.02738315264384,3.3433126804623825
pipeline_277,"(25, 18, 0.5, 0.9, 0.25)",25,18,0.5,0.9,0.9,92.94038352966308,14.036886330445608,3.3038048633685584
pipeline_278,"(25, 18, 0.5, 0.9, 0.5)",25,18,0.5,0.9,0.9,31.64084543387095,14.036886330445608,3.3006788975647368
pipeline_279,"(25, 18, 0.5, 0.9, 0.75)",25,18,0.5,0.9,0.9,17.091335117816925,14.02738315264384,3.320837941096551
pipeline_280,"(25, 18, 0.5, 0.9, 1.0)",25,18,0.5,0.9,0.9,11.448534536361695,14.02738315264384,3.3433126804623825
pipeline_281,"(25, 18, 0.5, 1.0, 0.25)",25,18,0.5,1.0,1.0,93.14374150832494,14.036886330445608,3.3038048633685584
pipeline_282,"(25, 18, 0.5, 1.0, 0.5)",25,18,0.5,1.0,1.0,31.615617501735688,14.036886330445608,3.3006788975647368
pipeline_283,"(25, 18, 0.5, 1.0, 0.75)",25,18,0.5,1.0,1.0,17.096014710267387,14.02738315264384,3.320837941096551
pipeline_284,"(25, 18, 0.5, 1.0, 1.0)",25,18,0.5,1.0,1.0,11.468237523237864,14.02738315264384,3.3433126804623825
pipeline_285,"(25, 25, 0.1, 0.8, 0.25)",25,25,0.1,0.8,0.8,94.21563494602839,14.02738315264384,3.2994727263540806
pipeline_286,"(25, 25, 0.1, 0.8, 0.5)",25,25,0.1,0.8,0.8,31.73822857538859,14.02738315264384,3.298179834087801
pipeline_287,"(25, 25, 0.1, 0.8, 0.75)",25,25,0.1,0.8,0.8,16.963992488384246,14.02738315264384,3.3100268682763936
pipeline_288,"(25, 25, 0.1, 0.8, 1.0)",25,25,0.1,0.8,0.8,11.363772416114807,14.02738315264384,3.3507321105017702
pipeline_289,"(25, 25, 0.1, 0.9, 0.25)",25,25,0.1,0.9,0.9,94.53424504995346,14.02738315264384,3.2966450229392255
pipeline_290,"(25, 25, 0.1, 0.9, 0.5)",25,25,0.1,0.9,0.9,31.753171269098917,14.02738315264384,3.298179834087801
pipeline_291,"(25, 25, 0.1, 0.9, 0.75)",25,25,0.1,0.9,0.9,16.97349118789037,14.02738315264384,3.3100268682763936
pipeline_292,"(25, 25, 0.1, 0.9, 1.0)",25,25,0.1,0.9,0.9,11.379507879416147,14.02738315264384,3.3507321105017702
pipeline_293,"(25, 25, 0.1, 1.0, 0.25)",25,25,0.1,1.0,1.0,94.40966572761536,14.02738315264384,3.2966450229392255
pipeline_294,"(25, 25, 0.1, 1.0, 0.5)",25,25,0.1,1.0,1.0,31.734988339742024,14.02738315264384,3.298179834087801
pipeline_295,"(25, 25, 0.1, 1.0, 0.75)",25,25,0.1,1.0,1.0,16.95745719273885,14.02738315264384,3.3100268682763936
pipeline_296,"(25, 25, 0.1, 1.0, 1.0)",25,25,0.1,1.0,1.0,11.370492935180664,14.055973319212596,3.344854869386449
pipeline_297,"(25, 25, 0.3, 0.8, 0.25)",25,25,0.3,0.8,0.8,94.32102715571722,14.02738315264384,3.2966450229392255
pipeline_298,"(25, 25, 0.3, 0.8, 0.5)",25,25,0.3,0.8,0.8,31.688819555441537,14.02738315264384,3.298179834087801
pipeline_299,"(25, 25, 0.3, 0.8, 0.75)",25,25,0.3,0.8,0.8,16.93920666774114,14.02738315264384,3.3100268682763936
pipeline_300,"(25, 25, 0.3, 0.8, 1.0)",25,25,0.3,0.8,0.8,11.450244804223379,14.055973319212596,3.354004251658443
pipeline_301,"(25, 25, 0.3, 0.9, 0.25)",25,25,0.3,0.9,0.9,93.9685733238856,14.02738315264384,3.2966450229392255
pipeline_302,"(25, 25, 0.3, 0.9, 0.5)",25,25,0.3,0.9,0.9,31.677201970418295,14.02738315264384,3.298179834087801
pipeline_303,"(25, 25, 0.3, 0.9, 0.75)",25,25,0.3,0.9,0.9,16.91432410478592,14.02738315264384,3.3100268682763936
pipeline_304,"(25, 25, 0.3, 0.9, 1.0)",25,25,0.3,0.9,0.9,11.433685656388601,14.055973319212596,3.354004251658443
pipeline_305,"(25, 25, 0.3, 1.0, 0.25)",25,25,0.3,1.0,1.0,94.09657754500707,14.02738315264384,3.2966450229392255
pipeline_306,"(25, 25, 0.3, 1.0, 0.5)",25,25,0.3,1.0,1.0,31.66994708776474,14.02738315264384,3.298179834087801
pipeline_307,"(25, 25, 0.3, 1.0, 0.75)",25,25,0.3,1.0,1.0,16.94511704047521,14.02738315264384,3.3100268682763936
pipeline_308,"(25, 25, 0.3, 1.0, 1.0)",25,25,0.3,1.0,1.0,11.436047609647115,14.055973319212596,3.354004251658443
pipeline_309,"(25, 25, 0.5, 0.8, 0.25)",25,25,0.5,0.8,0.8,94.03666662375132,14.02738315264384,3.2966450229392255
pipeline_310,"(25, 25, 0.5, 0.8, 0.5)",25,25,0.5,0.8,0.8,31.705886499087015,14.02738315264384,3.298179834087801
pipeline_311,"(25, 25, 0.5, 0.8, 0.75)",25,25,0.5,0.8,0.8,16.95680738290151,14.02738315264384,3.3100268682763936
pipeline_312,"(25, 25, 0.5, 0.8, 1.0)",25,25,0.5,0.8,0.8,11.441566359996795,14.055973319212596,3.354004251658443
pipeline_313,"(25, 25, 0.5, 0.9, 0.25)",25,25,0.5,0.9,0.9,94.14894999663035,14.02738315264384,3.2966450229392255
pipeline_314,"(25, 25, 0.5, 0.9, 0.5)",25,25,0.5,0.9,0.9,31.731416050593058,14.02738315264384,3.298179834087801
pipeline_315,"(25, 25, 0.5, 0.9, 0.75)",25,25,0.5,0.9,0.9,16.986500151952107,14.02738315264384,3.3100268682763936
pipeline_316,"(25, 25, 0.5, 0.9, 1.0)",25,25,0.5,0.9,0.9,11.454359710216522,14.055973319212596,3.354004251658443
pipeline_317,"(25, 25, 0.5, 1.0, 0.25)",25,25,0.5,1.0,1.0,94.41422111193339,14.02738315264384,3.2966450229392255
pipeline_318,"(25, 25, 0.5, 1.0, 0.5)",25,25,0.5,1.0,1.0,31.664806493123372,14.02738315264384,3.298179834087801
pipeline_319,"(25, 25, 0.5, 1.0, 0.75)",25,25,0.5,1.0,1.0,16.963433329264323,14.02738315264384,3.3100268682763936
pipeline_320,"(25, 25, 0.5, 1.0, 1.0)",25,25,0.5,1.0,1.0,11.50351449251175,14.055973319212596,3.354004251658443
pipeline_321,"(25, 32, 0.1, 0.8, 0.25)",25,32,0.1,0.8,0.8,96.73592342535655,14.055973319212596,3.3041978231633404
pipeline_322,"(25, 32, 0.1, 0.8, 0.5)",25,32,0.1,0.8,0.8,32.992633994420366,14.055973319212596,3.3272846272522845
pipeline_323,"(25, 32, 0.1, 0.8, 0.75)",25,32,0.1,0.8,0.8,17.226897712548574,14.055973319212596,3.3141877546685876
pipeline_324,"(25, 32, 0.1, 0.8, 1.0)",25,32,0.1,0.8,0.8,11.51584730943044,14.055973319212596,3.35055843877511
pipeline_325,"(25, 32, 0.1, 0.9, 0.25)",25,32,0.1,0.9,0.9,96.68931090037027,14.055973319212596,3.3041978231633404
pipeline_326,"(25, 32, 0.1, 0.9, 0.5)",25,32,0.1,0.9,0.9,32.93675868908564,14.055973319212596,3.3272846272522845
pipeline_327,"(25, 32, 0.1, 0.9, 0.75)",25,32,0.1,0.9,0.9,17.215165189901988,14.055973319212596,3.3141877546685876
pipeline_328,"(25, 32, 0.1, 0.9, 1.0)",25,32,0.1,0.9,0.9,11.48412690560023,14.055973319212596,3.35055843877511
pipeline_329,"(25, 32, 0.1, 1.0, 0.25)",25,32,0.1,1.0,1.0,96.69093191226324,14.055973319212596,3.3041978231633404
pipeline_330,"(25, 32, 0.1, 1.0, 0.5)",25,32,0.1,1.0,1.0,32.98219511906306,14.055973319212596,3.3272846272522845
pipeline_331,"(25, 32, 0.1, 1.0, 0.75)",25,32,0.1,1.0,1.0,17.198826618989308,14.055973319212596,3.3141877546685876
pipeline_332,"(25, 32, 0.1, 1.0, 1.0)",25,32,0.1,1.0,1.0,11.476953407128653,14.055973319212596,3.35055843877511
pipeline_333,"(25, 32, 0.3, 0.8, 0.25)",25,32,0.3,0.8,0.8,96.84200937350592,14.055973319212596,3.3041978231633404
pipeline_334,"(25, 32, 0.3, 0.8, 0.5)",25,32,0.3,0.8,0.8,32.95803282260895,14.055973319212596,3.3272846272522845
pipeline_335,"(25, 32, 0.3, 0.8, 0.75)",25,32,0.3,0.8,0.8,17.22791531483332,14.055973319212596,3.3141877546685876
pipeline_336,"(25, 32, 0.3, 0.8, 1.0)",25,32,0.3,0.8,0.8,11.476688913504283,14.055973319212596,3.35055843877511
pipeline_337,"(25, 32, 0.3, 0.9, 0.25)",25,32,0.3,0.9,0.9,96.60392275651296,14.055973319212596,3.3041978231633404
pipeline_338,"(25, 32, 0.3, 0.9, 0.5)",25,32,0.3,0.9,0.9,32.969089178244275,14.055973319212596,3.3272846272522845
pipeline_339,"(25, 32, 0.3, 0.9, 0.75)",25,32,0.3,0.9,0.9,17.209521583716075,14.055973319212596,3.3141877546685876
pipeline_340,"(25, 32, 0.3, 0.9, 1.0)",25,32,0.3,0.9,0.9,11.472655646006267,14.055973319212596,3.35055843877511
pipeline_341,"(25, 32, 0.3, 1.0, 0.25)",25,32,0.3,1.0,1.0,96.76850115855535,14.055973319212596,3.3041978231633404
pipeline_342,"(25, 32, 0.3, 1.0, 0.5)",25,32,0.3,1.0,1.0,32.963232763608296,14.055973319212596,3.3272846272522845
pipeline_343,"(25, 32, 0.3, 1.0, 0.75)",25,32,0.3,1.0,1.0,17.204920252164204,14.055973319212596,3.3141877546685876
pipeline_344,"(25, 32, 0.3, 1.0, 1.0)",25,32,0.3,1.0,1.0,11.466372752189637,14.055973319212596,3.35055843877511
pipeline_345,"(25, 32, 0.5, 0.8, 0.25)",25,32,0.5,0.8,0.8,96.82071916262309,14.055973319212596,3.3041978231633404
pipeline_346,"(25, 32, 0.5, 0.8, 0.5)",25,32,0.5,0.8,0.8,32.927311877409615,14.055973319212596,3.3272846272522845
pipeline_347,"(25, 32, 0.5, 0.8, 0.75)",25,32,0.5,0.8,0.8,17.207598773638406,14.055973319212596,3.3141877546685876
pipeline_348,"(25, 32, 0.5, 0.8, 1.0)",25,32,0.5,0.8,0.8,11.470142126083374,14.055973319212596,3.35055843877511
pipeline_349,"(25, 32, 0.5, 0.9, 0.25)",25,32,0.5,0.9,0.9,96.68930815458297,14.055973319212596,3.3041978231633404
pipeline_350,"(25, 32, 0.5, 0.9, 0.5)",25,32,0.5,0.9,0.9,32.967487609386446,14.055973319212596,3.3272846272522845
pipeline_351,"(25, 32, 0.5, 0.9, 0.75)",25,32,0.5,0.9,0.9,17.223472793896992,14.055973319212596,3.3141877546685876
pipeline_352,"(25, 32, 0.5, 0.9, 1.0)",25,32,0.5,0.9,0.9,11.467491741975149,14.055973319212596,3.35055843877511
pipeline_353,"(25, 32, 0.5, 1.0, 0.25)",25,32,0.5,1.0,1.0,96.73873115380606,14.055973319212596,3.3041978231633404
pipeline_354,"(25, 32, 0.5, 1.0, 0.5)",25,32,0.5,1.0,1.0,33.01649179061254,14.055973319212596,3.3272846272522845
pipeline_355,"(25, 32, 0.5, 1.0, 0.75)",25,32,0.5,1.0,1.0,17.21926010052363,14.055973319212596,3.3141877546685876
pipeline_356,"(25, 32, 0.5, 1.0, 1.0)",25,32,0.5,1.0,1.0,11.465490885575612,14.055973319212596,3.35055843877511
pipeline_357,"(45, 4, 0.1, 0.8, 0.25)",45,4,0.1,0.8,0.8,54.562684468428294,10.437137993176778,3.064018247247043
pipeline_358,"(45, 4, 0.1, 0.8, 0.5)",45,4,0.1,0.8,0.8,19.114373620351156,10.437137993176778,3.064842146643855
pipeline_359,"(45, 4, 0.1, 0.8, 0.75)",45,4,0.1,0.8,0.8,10.740218424797058,10.437137993176778,3.069994787992293
pipeline_360,"(45, 4, 0.1, 0.8, 1.0)",45,4,0.1,0.8,0.8,7.510308889547984,10.437137993176778,3.0884519733393727
pipeline_361,"(45, 4, 0.1, 0.9, 0.25)",45,4,0.1,0.9,0.9,54.57688108285268,10.437137993176778,3.064018247247043
pipeline_362,"(45, 4, 0.1, 0.9, 0.5)",45,4,0.1,0.9,0.9,19.058121009667715,10.437137993176778,3.064842146643855
pipeline_363,"(45, 4, 0.1, 0.9, 0.75)",45,4,0.1,0.9,0.9,10.749313509464264,10.437137993176778,3.069994787992293
pipeline_364,"(45, 4, 0.1, 0.9, 1.0)",45,4,0.1,0.9,0.9,7.4964050571123755,10.437137993176778,3.0884519733393727
pipeline_365,"(45, 4, 0.1, 1.0, 0.25)",45,4,0.1,1.0,1.0,54.573854831854504,10.437137993176778,3.064018247247043
pipeline_366,"(45, 4, 0.1, 1.0, 0.5)",45,4,0.1,1.0,1.0,19.075416243076326,10.437137993176778,3.064842146643855
pipeline_367,"(45, 4, 0.1, 1.0, 0.75)",45,4,0.1,1.0,1.0,10.749567608038584,10.437137993176778,3.069994787992293
pipeline_368,"(45, 4, 0.1, 1.0, 1.0)",45,4,0.1,1.0,1.0,7.508017222086589,10.437137993176778,3.0884519733393727
pipeline_369,"(45, 4, 0.3, 0.8, 0.25)",45,4,0.3,0.8,0.8,54.53546781937281,10.437137993176778,3.064018247247043
pipeline_370,"(45, 4, 0.3, 0.8, 0.5)",45,4,0.3,0.8,0.8,19.079226783911388,10.437137993176778,3.064842146643855
pipeline_371,"(45, 4, 0.3, 0.8, 0.75)",45,4,0.3,0.8,0.8,10.779140782356261,10.437137993176778,3.069994787992293
pipeline_372,"(45, 4, 0.3, 0.8, 1.0)",45,4,0.3,0.8,0.8,7.504593495527903,10.437137993176778,3.0884519733393727
pipeline_373,"(45, 4, 0.3, 0.9, 0.25)",45,4,0.3,0.9,0.9,54.56469209988912,10.437137993176778,3.064018247247043
pipeline_374,"(45, 4, 0.3, 0.9, 0.5)",45,4,0.3,0.9,0.9,19.155472163359324,10.437137993176778,3.064842146643855
pipeline_375,"(45, 4, 0.3, 0.9, 0.75)",45,4,0.3,0.9,0.9,10.790233810742697,10.437137993176778,3.069994787992293
pipeline_376,"(45, 4, 0.3, 0.9, 1.0)",45,4,0.3,0.9,0.9,7.505927097797394,10.437137993176778,3.0884519733393727
pipeline_377,"(45, 4, 0.3, 1.0, 0.25)",45,4,0.3,1.0,1.0,54.59458136161168,10.437137993176778,3.064018247247043
pipeline_378,"(45, 4, 0.3, 1.0, 0.5)",45,4,0.3,1.0,1.0,19.05811762412389,10.437137993176778,3.064842146643855
pipeline_379,"(45, 4, 0.3, 1.0, 0.75)",45,4,0.3,1.0,1.0,10.719893602530162,10.437137993176778,3.069994787992293
pipeline_380,"(45, 4, 0.3, 1.0, 1.0)",45,4,0.3,1.0,1.0,7.507568983236949,10.437137993176778,3.0884519733393727
pipeline_381,"(45, 4, 0.5, 0.8, 0.25)",45,4,0.5,0.8,0.8,54.64027929703395,10.437137993176778,3.064018247247043
pipeline_382,"(45, 4, 0.5, 0.8, 0.5)",45,4,0.5,0.8,0.8,19.095616869131725,10.437137993176778,3.064842146643855
pipeline_383,"(45, 4, 0.5, 0.8, 0.75)",45,4,0.5,0.8,0.8,10.734708706537882,10.437137993176778,3.069994787992293
pipeline_384,"(45, 4, 0.5, 0.8, 1.0)",45,4,0.5,0.8,0.8,7.510671230157216,10.437137993176778,3.0884519733393727
pipeline_385,"(45, 4, 0.5, 0.9, 0.25)",45,4,0.5,0.9,0.9,54.58468159834544,10.437137993176778,3.064018247247043
pipeline_386,"(45, 4, 0.5, 0.9, 0.5)",45,4,0.5,0.9,0.9,19.12163831790288,10.437137993176778,3.064842146643855
pipeline_387,"(45, 4, 0.5, 0.9, 0.75)",45,4,0.5,0.9,0.9,10.77000432809194,10.437137993176778,3.069994787992293
pipeline_388,"(45, 4, 0.5, 0.9, 1.0)",45,4,0.5,0.9,0.9,7.533287215232849,10.437137993176778,3.0884519733393727
pipeline_389,"(45, 4, 0.5, 1.0, 0.25)",45,4,0.5,1.0,1.0,54.640359326203665,10.437137993176778,3.064018247247043
pipeline_390,"(45, 4, 0.5, 1.0, 0.5)",45,4,0.5,1.0,1.0,19.086275577545166,10.437137993176778,3.064842146643855
pipeline_391,"(45, 4, 0.5, 1.0, 0.75)",45,4,0.5,1.0,1.0,10.747334277629852,10.437137993176778,3.069994787992293
pipeline_392,"(45, 4, 0.5, 1.0, 1.0)",45,4,0.5,1.0,1.0,7.523474697271983,10.437137993176778,3.0884519733393727
pipeline_393,"(45, 11, 0.1, 0.8, 0.25)",45,11,0.1,0.8,0.8,58.52943150599798,10.437137993176778,3.0757490271982064
pipeline_394,"(45, 11, 0.1, 0.8, 0.5)",45,11,0.1,0.8,0.8,20.482965052127838,10.437137993176778,3.0799464146888127
pipeline_395,"(45, 11, 0.1, 0.8, 0.75)",45,11,0.1,0.8,0.8,11.262286106745401,10.437137993176778,3.0809580363637625
pipeline_396,"(45, 11, 0.1, 0.8, 1.0)",45,11,0.1,0.8,0.8,7.786945501963298,10.829813655217489,3.1018637270722387
pipeline_397,"(45, 11, 0.1, 0.9, 0.25)",45,11,0.1,0.9,0.9,58.520077514648435,10.437137993176778,3.0800330544249093
pipeline_398,"(45, 11, 0.1, 0.9, 0.5)",45,11,0.1,0.9,0.9,20.675857702891033,10.437137993176778,3.0799464146888127
pipeline_399,"(45, 11, 0.1, 0.9, 0.75)",45,11,0.1,0.9,0.9,11.233571950594584,10.437137993176778,3.0809580363637625
pipeline_400,"(45, 11, 0.1, 0.9, 1.0)",45,11,0.1,0.9,0.9,7.8254388252894085,10.829813655217489,3.1018637270722387
pipeline_401,"(45, 11, 0.1, 1.0, 0.25)",45,11,0.1,1.0,1.0,59.14710320234299,10.437137993176778,3.0800330544249093
pipeline_402,"(45, 11, 0.1, 1.0, 0.5)",45,11,0.1,1.0,1.0,20.519642666975656,10.437137993176778,3.0799464146888127
pipeline_403,"(45, 11, 0.1, 1.0, 0.75)",45,11,0.1,1.0,1.0,11.238542211055755,10.437137993176778,3.0809580363637625
pipeline_404,"(45, 11, 0.1, 1.0, 1.0)",45,11,0.1,1.0,1.0,7.74478311141332,10.829813655217489,3.1018637270722387
pipeline_405,"(45, 11, 0.3, 0.8, 0.25)",45,11,0.3,0.8,0.8,58.43018343051275,10.437137993176778,3.0800330544249093
pipeline_406,"(45, 11, 0.3, 0.8, 0.5)",45,11,0.3,0.8,0.8,20.656964898109436,10.437137993176778,3.0799464146888127
pipeline_407,"(45, 11, 0.3, 0.8, 0.75)",45,11,0.3,0.8,0.8,11.560646116733551,10.437137993176778,3.0809580363637625
pipeline_408,"(45, 11, 0.3, 0.8, 1.0)",45,11,0.3,0.8,0.8,7.810865942637125,10.829813655217489,3.1018637270722387
pipeline_409,"(45, 11, 0.3, 0.9, 0.25)",45,11,0.3,0.9,0.9,58.556166315078734,10.437137993176778,3.0800330544249093
pipeline_410,"(45, 11, 0.3, 0.9, 0.5)",45,11,0.3,0.9,0.9,20.33045746088028,10.437137993176778,3.0799464146888127
pipeline_411,"(45, 11, 0.3, 0.9, 0.75)",45,11,0.3,0.9,0.9,11.499794475237529,10.437137993176778,3.0809580363637625
pipeline_412,"(45, 11, 0.3, 0.9, 1.0)",45,11,0.3,0.9,0.9,7.895017449061076,10.829813655217489,3.1018637270722387
pipeline_413,"(45, 11, 0.3, 1.0, 0.25)",45,11,0.3,1.0,1.0,58.35376415252686,10.437137993176778,3.0800330544249093
pipeline_414,"(45, 11, 0.3, 1.0, 0.5)",45,11,0.3,1.0,1.0,20.41356101433436,10.437137993176778,3.0799464146888127
pipeline_415,"(45, 11, 0.3, 1.0, 0.75)",45,11,0.3,1.0,1.0,11.580431918303171,10.437137993176778,3.0809580363637625
pipeline_416,"(45, 11, 0.3, 1.0, 1.0)",45,11,0.3,1.0,1.0,7.9122815807660425,10.829813655217489,3.1018637270722387
pipeline_417,"(45, 11, 0.5, 0.8, 0.25)",45,11,0.5,0.8,0.8,58.555118815104166,10.437137993176778,3.0800330544249093
pipeline_418,"(45, 11, 0.5, 0.8, 0.5)",45,11,0.5,0.8,0.8,20.28537089427312,10.437137993176778,3.0799464146888127
pipeline_419,"(45, 11, 0.5, 0.8, 0.75)",45,11,0.5,0.8,0.8,11.936184589068095,10.829813655217489,3.0791420742214743
pipeline_420,"(45, 11, 0.5, 0.8, 1.0)",45,11,0.5,0.8,0.8,7.9052394986152645,10.829813655217489,3.1018637270722387
pipeline_421,"(45, 11, 0.5, 0.9, 0.25)",45,11,0.5,0.9,0.9,58.68727044264475,10.437137993176778,3.0800330544249093
pipeline_422,"(45, 11, 0.5, 0.9, 0.5)",45,11,0.5,0.9,0.9,20.45678453842799,10.437137993176778,3.0799464146888127
pipeline_423,"(45, 11, 0.5, 0.9, 0.75)",45,11,0.5,0.9,0.9,11.24125879208247,10.829813655217489,3.0809580363637625
pipeline_424,"(45, 11, 0.5, 0.9, 1.0)",45,11,0.5,0.9,0.9,7.896366842587789,10.829813655217489,3.1018637270722387
pipeline_425,"(45, 11, 0.5, 1.0, 0.25)",45,11,0.5,1.0,1.0,58.49286995728811,10.437137993176778,3.0800330544249093
pipeline_426,"(45, 11, 0.5, 1.0, 0.5)",45,11,0.5,1.0,1.0,20.341503032048543,10.437137993176778,3.0799464146888127
pipeline_427,"(45, 11, 0.5, 1.0, 0.75)",45,11,0.5,1.0,1.0,11.270943037668864,10.829813655217489,3.0809580363637625
pipeline_428,"(45, 11, 0.5, 1.0, 1.0)",45,11,0.5,1.0,1.0,7.950263766447703,10.829813655217489,3.1018637270722387
pipeline_429,"(45, 18, 0.1, 0.8, 0.25)",45,18,0.1,0.8,0.8,60.32065371274948,10.829813655217489,3.0752854368733207
pipeline_430,"(45, 18, 0.1, 0.8, 0.5)",45,18,0.1,0.8,0.8,20.355701303482057,10.829813655217489,3.0783508684502827
pipeline_431,"(45, 18, 0.1, 0.8, 0.75)",45,18,0.1,0.8,0.8,11.28620305856069,10.829813655217489,3.079101694307056
pipeline_432,"(45, 18, 0.1, 0.8, 1.0)",45,18,0.1,0.8,0.8,7.680388935407003,10.829813655217489,3.1021767500536725
pipeline_433,"(45, 18, 0.1, 0.9, 0.25)",45,18,0.1,0.9,0.9,60.16374481121699,10.829813655217489,3.077135917320158
pipeline_434,"(45, 18, 0.1, 0.9, 0.5)",45,18,0.1,0.9,0.9,20.369271516799927,10.829813655217489,3.0783508684502827
pipeline_435,"(45, 18, 0.1, 0.9, 0.75)",45,18,0.1,0.9,0.9,11.269759261608124,10.829813655217489,3.079101694307056
pipeline_436,"(45, 18, 0.1, 0.9, 1.0)",45,18,0.1,0.9,0.9,7.698744606971741,10.829813655217489,3.1021767500536725
pipeline_437,"(45, 18, 0.1, 1.0, 0.25)",45,18,0.1,1.0,1.0,59.45647548437118,10.829813655217489,3.0766474262005037
pipeline_438,"(45, 18, 0.1, 1.0, 0.5)",45,18,0.1,1.0,1.0,20.372981894016267,10.829813655217489,3.0783508684502827
pipeline_439,"(45, 18, 0.1, 1.0, 0.75)",45,18,0.1,1.0,1.0,11.263370533784231,10.829813655217489,3.079101694307056
pipeline_440,"(45, 18, 0.1, 1.0, 1.0)",45,18,0.1,1.0,1.0,7.702970071633657,10.829813655217489,3.1021767500536725
pipeline_441,"(45, 18, 0.3, 0.8, 0.25)",45,18,0.3,0.8,0.8,60.07964170773824,10.829813655217489,3.084408487279415
pipeline_442,"(45, 18, 0.3, 0.8, 0.5)",45,18,0.3,0.8,0.8,20.36303316752116,10.829813655217489,3.0783508684502827
pipeline_443,"(45, 18, 0.3, 0.8, 0.75)",45,18,0.3,0.8,0.8,11.290288956960042,10.829813655217489,3.079101694307056
pipeline_444,"(45, 18, 0.3, 0.8, 1.0)",45,18,0.3,0.8,0.8,7.68249341249466,10.829813655217489,3.1021767500536725
pipeline_445,"(45, 18, 0.3, 0.9, 0.25)",45,18,0.3,0.9,0.9,60.53151008288066,10.829813655217489,3.084408487279415
pipeline_446,"(45, 18, 0.3, 0.9, 0.5)",45,18,0.3,0.9,0.9,20.330310491720834,10.829813655217489,3.0783508684502827
pipeline_447,"(45, 18, 0.3, 0.9, 0.75)",45,18,0.3,0.9,0.9,11.276631240049998,10.829813655217489,3.079101694307056
pipeline_448,"(45, 18, 0.3, 0.9, 1.0)",45,18,0.3,0.9,0.9,7.703145980834961,10.829813655217489,3.1021767500536725
pipeline_449,"(45, 18, 0.3, 1.0, 0.25)",45,18,0.3,1.0,1.0,59.57181127071381,10.829813655217489,3.084408487279415
pipeline_450,"(45, 18, 0.3, 1.0, 0.5)",45,18,0.3,1.0,1.0,20.439362649122874,10.829813655217489,3.0783508684502827
pipeline_451,"(45, 18, 0.3, 1.0, 0.75)",45,18,0.3,1.0,1.0,11.304442437489827,10.829813655217489,3.079101694307056
pipeline_452,"(45, 18, 0.3, 1.0, 1.0)",45,18,0.3,1.0,1.0,7.724000147978464,10.829813655217489,3.1021767500536725
pipeline_453,"(45, 18, 0.5, 0.8, 0.25)",45,18,0.5,0.8,0.8,59.469571419556935,10.829813655217489,3.084408487279415
pipeline_454,"(45, 18, 0.5, 0.8, 0.5)",45,18,0.5,0.8,0.8,20.384740539391835,10.829813655217489,3.0783508684502827
pipeline_455,"(45, 18, 0.5, 0.8, 0.75)",45,18,0.5,0.8,0.8,11.258607486883799,10.829813655217489,3.079101694307056
pipeline_456,"(45, 18, 0.5, 0.8, 1.0)",45,18,0.5,0.8,0.8,7.812145980199178,127.5535536289215,3.105486051591763
pipeline_457,"(45, 18, 0.5, 0.9, 0.25)",45,18,0.5,0.9,0.9,59.40107710758845,10.829813655217489,3.084408487279415
pipeline_458,"(45, 18, 0.5, 0.9, 0.5)",45,18,0.5,0.9,0.9,20.403106311957043,10.829813655217489,3.0783508684502827
pipeline_459,"(45, 18, 0.5, 0.9, 0.75)",45,18,0.5,0.9,0.9,11.274196847279866,10.829813655217489,3.079101694307056
pipeline_460,"(45, 18, 0.5, 0.9, 1.0)",45,18,0.5,0.9,0.9,7.818152705828349,127.5535536289215,3.1102498498798745
pipeline_461,"(45, 18, 0.5, 1.0, 0.25)",45,18,0.5,1.0,1.0,59.39684190352758,10.829813655217489,3.084408487279415
pipeline_462,"(45, 18, 0.5, 1.0, 0.5)",45,18,0.5,1.0,1.0,20.352064414819083,10.829813655217489,3.0783508684502827
pipeline_463,"(45, 18, 0.5, 1.0, 0.75)",45,18,0.5,1.0,1.0,11.268182933330536,10.829813655217489,3.079101694307056
pipeline_464,"(45, 18, 0.5, 1.0, 1.0)",45,18,0.5,1.0,1.0,7.717920855681101,127.5535536289215,3.101801727986137
pipeline_465,"(45, 25, 0.1, 0.8, 0.25)",45,25,0.1,0.8,0.8,62.691098121802014,127.5535536289215,3.0799079987399587
pipeline_466,"(45, 25, 0.1, 0.8, 0.5)",45,25,0.1,0.8,0.8,21.235302118460336,127.5535536289215,3.078377214598783
pipeline_467,"(45, 25, 0.1, 0.8, 0.75)",45,25,0.1,0.8,0.8,11.55644595225652,127.5535536289215,3.0866328974883714
pipeline_468,"(45, 25, 0.1, 0.8, 1.0)",45,25,0.1,0.8,0.8,8.031499636173248,127.5535536289215,3.1191579364151405
pipeline_469,"(45, 25, 0.1, 0.9, 0.25)",45,25,0.1,0.9,0.9,62.24798098007838,127.5535536289215,3.085448119777835
pipeline_470,"(45, 25, 0.1, 0.9, 0.5)",45,25,0.1,0.9,0.9,21.116829466819762,127.5535536289215,3.078377214598783
pipeline_471,"(45, 25, 0.1, 0.9, 0.75)",45,25,0.1,0.9,0.9,11.564872284730276,127.5535536289215,3.0866328974883714
pipeline_472,"(45, 25, 0.1, 0.9, 1.0)",45,25,0.1,0.9,0.9,8.028452889124553,127.5535536289215,3.1191579364151405
pipeline_473,"(45, 25, 0.1, 1.0, 0.25)",45,25,0.1,1.0,1.0,62.05437907377879,127.5535536289215,3.085448119777835
pipeline_474,"(45, 25, 0.1, 1.0, 0.5)",45,25,0.1,1.0,1.0,21.127502461274464,127.5535536289215,3.078377214598783
pipeline_475,"(45, 25, 0.1, 1.0, 0.75)",45,25,0.1,1.0,1.0,11.612935169537861,127.5535536289215,3.0866328974883714
pipeline_476,"(45, 25, 0.1, 1.0, 1.0)",45,25,0.1,1.0,1.0,8.001402803262074,127.5535536289215,3.1191579364151405
pipeline_477,"(45, 25, 0.3, 0.8, 0.25)",45,25,0.3,0.8,0.8,61.98205429315567,127.5535536289215,3.085448119777835
pipeline_478,"(45, 25, 0.3, 0.8, 0.5)",45,25,0.3,0.8,0.8,21.136849292119344,127.5535536289215,3.078377214598783
pipeline_479,"(45, 25, 0.3, 0.8, 0.75)",45,25,0.3,0.8,0.8,11.615384058157604,127.5535536289215,3.0866328974883714
pipeline_480,"(45, 25, 0.3, 0.8, 1.0)",45,25,0.3,0.8,0.8,7.995641835530599,127.5535536289215,3.1191579364151405
pipeline_481,"(45, 25, 0.3, 0.9, 0.25)",45,25,0.3,0.9,0.9,61.92162596782048,127.5535536289215,3.085448119777835
pipeline_482,"(45, 25, 0.3, 0.9, 0.5)",45,25,0.3,0.9,0.9,21.194494704405468,127.5535536289215,3.078377214598783
pipeline_483,"(45, 25, 0.3, 0.9, 0.75)",45,25,0.3,0.9,0.9,11.59659892320633,127.5535536289215,3.0866328974883714
pipeline_484,"(45, 25, 0.3, 0.9, 1.0)",45,25,0.3,0.9,0.9,8.052970111370087,127.5535536289215,3.1191579364151405
pipeline_485,"(45, 25, 0.3, 1.0, 0.25)",45,25,0.3,1.0,1.0,62.06430054505666,127.5535536289215,3.085448119777835
pipeline_486,"(45, 25, 0.3, 1.0, 0.5)",45,25,0.3,1.0,1.0,21.181130003929137,127.5535536289215,3.078377214598783
pipeline_487,"(45, 25, 0.3, 1.0, 0.75)",45,25,0.3,1.0,1.0,11.537617659568786,127.5535536289215,3.0866328974883714
pipeline_488,"(45, 25, 0.3, 1.0, 1.0)",45,25,0.3,1.0,1.0,8.036272446314493,127.5535536289215,3.1191579364151405
pipeline_489,"(45, 25, 0.5, 0.8, 0.25)",45,25,0.5,0.8,0.8,62.20563938617706,127.5535536289215,3.085448119777835
pipeline_490,"(45, 25, 0.5, 0.8, 0.5)",45,25,0.5,0.8,0.8,21.13140750726064,127.5535536289215,3.078377214598783
pipeline_491,"(45, 25, 0.5, 0.8, 0.75)",45,25,0.5,0.8,0.8,11.60979077021281,127.5535536289215,3.0866328974883714
pipeline_492,"(45, 25, 0.5, 0.8, 1.0)",45,25,0.5,0.8,0.8,8.022328102588654,127.5535536289215,3.1191579364151405
pipeline_493,"(45, 25, 0.5, 0.9, 0.25)",45,25,0.5,0.9,0.9,62.2308847784996,127.5535536289215,3.085448119777835
pipeline_494,"(45, 25, 0.5, 0.9, 0.5)",45,25,0.5,0.9,0.9,21.00219843387604,127.5535536289215,3.078377214598783
pipeline_495,"(45, 25, 0.5, 0.9, 0.75)",45,25,0.5,0.9,0.9,11.574727435906729,127.5535536289215,3.0866328974883714
pipeline_496,"(45, 25, 0.5, 0.9, 1.0)",45,25,0.5,0.9,0.9,7.977269395192464,127.5535536289215,3.1191579364151405
pipeline_497,"(45, 25, 0.5, 1.0, 0.25)",45,25,0.5,1.0,1.0,62.15446310838063,127.5535536289215,3.085448119777835
pipeline_498,"(45, 25, 0.5, 1.0, 0.5)",45,25,0.5,1.0,1.0,21.099219711621604,127.5535536289215,3.078377214598783
pipeline_499,"(45, 25, 0.5, 1.0, 0.75)",45,25,0.5,1.0,1.0,11.568538562456768,127.5535536289215,3.0866328974883714
pipeline_500,"(45, 25, 0.5, 1.0, 1.0)",45,25,0.5,1.0,1.0,7.999106045564016,127.5535536289215,3.1191579364151405
pipeline_501,"(45, 32, 0.1, 0.8, 0.25)",45,32,0.1,0.8,0.8,62.97540259361267,127.5535536289215,3.0904781259316767
pipeline_502,"(45, 32, 0.1, 0.9, 0.25)",45,32,0.1,0.9,0.9,62.983167672157286,127.5535536289215,3.0904781259316767
pipeline_503,"(45, 32, 0.1, 1.0, 0.25)",45,32,0.1,1.0,1.0,63.89025417168935,127.5535536289215,3.0904781259316767
pipeline_504,"(45, 32, 0.3, 0.8, 0.25)",45,32,0.3,0.8,0.8,63.29139985243479,127.5535536289215,3.0904781259316767
pipeline_505,"(45, 32, 0.3, 0.9, 0.25)",45,32,0.3,0.9,0.9,65.75807433128357,127.5535536289215,3.0904781259316767
pipeline_506,"(45, 32, 0.3, 1.0, 0.25)",45,32,0.3,1.0,1.0,65.19953954219818,127.5535536289215,3.0904781259316767
pipeline_507,"(65, 4, 0.1, 0.8, 0.25)",65,4,0.1,0.8,0.8,60.08190790017446,12.199162157376607,2.927480232754588
pipeline_508,"(65, 4, 0.1, 0.8, 0.5)",65,4,0.1,0.8,0.8,20.74109361569087,12.199162157376607,2.928818040727096
pipeline_509,"(65, 4, 0.1, 0.8, 0.75)",65,4,0.1,0.8,0.8,12.027762711048126,12.199162157376607,2.929344773662656
pipeline_510,"(65, 4, 0.1, 0.8, 1.0)",65,4,0.1,0.8,0.8,8.201877077420553,12.298686297734578,2.948617826550999
pipeline_511,"(65, 4, 0.1, 0.9, 0.25)",65,4,0.1,0.9,0.9,58.73911450306574,12.199162157376607,2.927480232754588
pipeline_512,"(65, 4, 0.1, 0.9, 0.5)",65,4,0.1,0.9,0.9,20.896271574497224,12.199162157376607,2.928818040727096
pipeline_513,"(65, 4, 0.1, 0.9, 0.75)",65,4,0.1,0.9,0.9,11.874727932612101,12.199162157376607,2.929344773662656
pipeline_514,"(65, 4, 0.1, 0.9, 1.0)",65,4,0.1,0.9,0.9,8.133275751272837,12.298686297734578,2.948617826550999
pipeline_515,"(65, 4, 0.1, 1.0, 0.25)",65,4,0.1,1.0,1.0,59.22180160284042,12.199162157376607,2.927480232754588
pipeline_516,"(65, 4, 0.1, 1.0, 0.5)",65,4,0.1,1.0,1.0,20.761056419213613,12.199162157376607,2.928818040727096
pipeline_517,"(65, 4, 0.1, 1.0, 0.75)",65,4,0.1,1.0,1.0,12.168278121948243,12.298686297734578,2.929344773662656
pipeline_518,"(65, 4, 0.1, 1.0, 1.0)",65,4,0.1,1.0,1.0,8.175423868497212,12.298686297734578,2.948617826550999
pipeline_519,"(65, 4, 0.3, 0.8, 0.25)",65,4,0.3,0.8,0.8,58.6146077076594,12.199162157376607,2.927480232754588
pipeline_520,"(65, 4, 0.3, 0.8, 0.5)",65,4,0.3,0.8,0.8,20.813443688551583,12.199162157376607,2.928818040727096
pipeline_521,"(65, 4, 0.3, 0.8, 0.75)",65,4,0.3,0.8,0.8,12.038832263151805,12.298686297734578,2.929344773662656
pipeline_522,"(65, 4, 0.3, 0.8, 1.0)",65,4,0.3,0.8,0.8,8.228031222025553,12.298686297734578,2.948617826550999
pipeline_523,"(65, 4, 0.3, 0.9, 0.25)",65,4,0.3,0.9,0.9,59.59052098989487,12.199162157376607,2.927480232754588
pipeline_524,"(65, 4, 0.3, 0.9, 0.5)",65,4,0.3,0.9,0.9,20.975828321774802,12.199162157376607,2.928818040727096
pipeline_525,"(65, 4, 0.3, 0.9, 0.75)",65,4,0.3,0.9,0.9,12.12956831852595,12.298686297734578,2.929344773662656
pipeline_526,"(65, 4, 0.3, 0.9, 1.0)",65,4,0.3,0.9,0.9,8.16524670124054,12.298686297734578,2.948617826550999
pipeline_527,"(65, 4, 0.3, 1.0, 0.25)",65,4,0.3,1.0,1.0,59.01999189853668,12.199162157376607,2.927480232754588
pipeline_528,"(65, 4, 0.3, 1.0, 0.5)",65,4,0.3,1.0,1.0,20.823025325934093,12.199162157376607,2.928818040727096
pipeline_529,"(65, 4, 0.3, 1.0, 0.75)",65,4,0.3,1.0,1.0,12.040109968185424,12.298686297734578,2.929344773662656
pipeline_530,"(65, 4, 0.3, 1.0, 1.0)",65,4,0.3,1.0,1.0,8.32440630197525,12.298686297734578,2.948617826550999
pipeline_531,"(65, 4, 0.5, 0.8, 0.25)",65,4,0.5,0.8,0.8,58.75108201901118,12.199162157376607,2.927480232754588
pipeline_532,"(65, 4, 0.5, 0.8, 0.5)",65,4,0.5,0.8,0.8,20.69082481066386,12.199162157376607,2.928818040727096
pipeline_533,"(65, 4, 0.5, 0.8, 0.75)",65,4,0.5,0.8,0.8,11.939760168393454,12.298686297734578,2.929344773662656
pipeline_534,"(65, 4, 0.5, 0.8, 1.0)",65,4,0.5,0.8,0.8,8.251519544919331,12.298686297734578,2.948617826550999
pipeline_535,"(65, 4, 0.5, 0.9, 0.25)",65,4,0.5,0.9,0.9,58.46788938442866,12.199162157376607,2.927480232754588
pipeline_536,"(65, 4, 0.5, 0.9, 0.5)",65,4,0.5,0.9,0.9,20.711416860421497,12.199162157376607,2.928818040727096
pipeline_537,"(65, 4, 0.5, 0.9, 0.75)",65,4,0.5,0.9,0.9,12.164267293612163,12.298686297734578,2.929344773662656
pipeline_538,"(65, 4, 0.5, 0.9, 1.0)",65,4,0.5,0.9,0.9,8.121925099690754,12.298686297734578,2.948617826550999
pipeline_539,"(65, 4, 0.5, 1.0, 0.25)",65,4,0.5,1.0,1.0,58.691540765762326,12.199162157376607,2.927480232754588
pipeline_540,"(65, 4, 0.5, 1.0, 0.5)",65,4,0.5,1.0,1.0,20.780560553073883,12.199162157376607,2.928818040727096
pipeline_541,"(65, 4, 0.5, 1.0, 0.75)",65,4,0.5,1.0,1.0,11.84099469979604,12.298686297734578,2.929344773662656
pipeline_542,"(65, 4, 0.5, 1.0, 1.0)",65,4,0.5,1.0,1.0,8.170208382606507,12.298686297734578,2.948617826550999
pipeline_543,"(65, 11, 0.1, 0.8, 0.25)",65,11,0.1,0.8,0.8,60.704796663920085,12.298686297734578,2.936716374948242
pipeline_544,"(65, 11, 0.1, 0.9, 0.25)",65,11,0.1,0.9,0.9,81.21163839499155,12.298686297734578,2.942395839929075
pipeline_545,"(65, 11, 0.1, 1.0, 0.25)",65,11,0.1,1.0,1.0,61.160961679617564,12.298686297734578,2.942395839929075
pipeline_546,"(65, 11, 0.3, 0.8, 0.25)",65,11,0.3,0.8,0.8,61.22420268456141,12.298686297734578,2.942395839929075
