Pipeline_index,Combination,Perplexity,Early_exaggeration,Initial_momentum,Final_momentum,Theta,tSNE_runtime_min,Affinity_runtime_min,KL_divergence,trust_k30,trust_k300,stress
pipeline_0,"(65, 4, 0.1, 0.8, 0.25)",65,4,0.1,0.8,0.25,60.08190790017446,12.199162157376607,2.927480232754588,0.634350419144849,0.6100109872381385,0.5610971283600511
pipeline_1,"(65, 4, 0.1, 0.9, 0.25)",65,4,0.1,0.9,0.25,58.73911450306574,12.199162157376607,2.927480232754588,0.634350419144849,0.6100109872381385,0.5610971283600511
pipeline_2,"(65, 4, 0.1, 1.0, 0.25)",65,4,0.1,1.0,0.25,59.22180160284042,12.199162157376607,2.927480232754588,0.634350419144849,0.6100109872381385,0.5610971283600511
pipeline_3,"(65, 4, 0.3, 0.8, 0.25)",65,4,0.3,0.8,0.25,58.6146077076594,12.199162157376607,2.927480232754588,0.634350419144849,0.6100109872381385,0.5610971283600511
pipeline_4,"(65, 4, 0.3, 0.9, 0.25)",65,4,0.3,0.9,0.25,59.59052098989487,12.199162157376607,2.927480232754588,0.634350419144849,0.6100109872381385,0.5610971283600511
pipeline_5,"(65, 4, 0.3, 1.0, 0.25)",65,4,0.3,1.0,0.25,59.01999189853668,12.199162157376607,2.927480232754588,0.634350419144849,0.6100109872381385,0.5610971283600511
pipeline_6,"(65, 4, 0.5, 0.8, 0.25)",65,4,0.5,0.8,0.25,58.75108201901118,12.199162157376607,2.927480232754588,0.634350419144849,0.6100109872381385,0.5610971283600511
pipeline_7,"(65, 4, 0.5, 0.9, 0.25)",65,4,0.5,0.9,0.25,58.46788938442866,12.199162157376607,2.927480232754588,0.634350419144849,0.6100109872381385,0.5610971283600511
pipeline_8,"(65, 4, 0.5, 1.0, 0.25)",65,4,0.5,1.0,0.25,58.691540765762326,12.199162157376607,2.927480232754588,0.634350419144849,0.6100109872381385,0.5610971283600511
pipeline_9,"(65, 4, 0.1, 0.8, 0.5)",65,4,0.1,0.8,0.5,20.74109361569087,12.199162157376607,2.928818040727096,0.6343255797494403,0.6106255952418014,0.5749134000071447
pipeline_10,"(65, 4, 0.1, 0.9, 0.5)",65,4,0.1,0.9,0.5,20.896271574497224,12.199162157376607,2.928818040727096,0.6343255797494403,0.6106255952418014,0.5749134000071447
pipeline_11,"(65, 4, 0.1, 1.0, 0.5)",65,4,0.1,1.0,0.5,20.761056419213613,12.199162157376607,2.928818040727096,0.6343255797494403,0.6106255952418014,0.5749134000071447
pipeline_12,"(65, 4, 0.3, 0.8, 0.5)",65,4,0.3,0.8,0.5,20.813443688551583,12.199162157376607,2.928818040727096,0.6343255797494403,0.6106255952418014,0.5749134000071447
pipeline_13,"(65, 4, 0.3, 0.9, 0.5)",65,4,0.3,0.9,0.5,20.9758283217748,12.199162157376607,2.928818040727096,0.6343255797494403,0.6106255952418014,0.5749134000071447
pipeline_14,"(65, 4, 0.3, 1.0, 0.5)",65,4,0.3,1.0,0.5,20.823025325934093,12.199162157376607,2.928818040727096,0.6343255797494403,0.6106255952418014,0.5749134000071447
pipeline_15,"(65, 4, 0.5, 0.8, 0.5)",65,4,0.5,0.8,0.5,20.69082481066386,12.199162157376607,2.928818040727096,0.6343255797494403,0.6106255952418014,0.5749134000071447
pipeline_16,"(65, 4, 0.5, 0.9, 0.5)",65,4,0.5,0.9,0.5,20.711416860421497,12.199162157376607,2.928818040727096,0.6343255797494403,0.6106255952418014,0.5749134000071447
pipeline_17,"(65, 4, 0.5, 1.0, 0.5)",65,4,0.5,1.0,0.5,20.780560553073883,12.199162157376607,2.928818040727096,0.6343255797494403,0.6106255952418014,0.5749134000071447
pipeline_18,"(65, 4, 0.1, 0.8, 0.75)",65,4,0.1,0.8,0.75,12.027762711048126,12.199162157376607,2.929344773662656,0.6335349194187634,0.6107583208672377,0.613602675095237
pipeline_19,"(65, 4, 0.1, 0.9, 0.75)",65,4,0.1,0.9,0.75,11.8747279326121,12.199162157376607,2.929344773662656,0.6335349194187634,0.6107583208672377,0.613602675095237
pipeline_20,"(65, 4, 0.1, 1.0, 0.75)",65,4,0.1,1.0,0.75,12.168278121948244,12.298686297734578,2.929344773662656,0.6335349194187634,0.6107583208672377,0.613602675095237
pipeline_21,"(65, 4, 0.3, 0.8, 0.75)",65,4,0.3,0.8,0.75,12.038832263151804,12.298686297734578,2.929344773662656,0.6335349194187634,0.6107583208672377,0.613602675095237
pipeline_22,"(65, 4, 0.3, 0.9, 0.75)",65,4,0.3,0.9,0.75,12.12956831852595,12.298686297734578,2.929344773662656,0.6335349194187634,0.6107583208672377,0.613602675095237
pipeline_23,"(65, 4, 0.3, 1.0, 0.75)",65,4,0.3,1.0,0.75,12.040109968185424,12.298686297734578,2.929344773662656,0.6335349194187634,0.6107583208672377,0.613602675095237
pipeline_24,"(65, 4, 0.5, 0.8, 0.75)",65,4,0.5,0.8,0.75,11.939760168393454,12.298686297734578,2.929344773662656,0.6335349194187634,0.6107583208672377,0.613602675095237
pipeline_25,"(65, 4, 0.5, 0.9, 0.75)",65,4,0.5,0.9,0.75,12.164267293612165,12.298686297734578,2.929344773662656,0.6335349194187634,0.6107583208672377,0.613602675095237
pipeline_26,"(65, 4, 0.5, 1.0, 0.75)",65,4,0.5,1.0,0.75,11.84099469979604,12.298686297734578,2.929344773662656,0.6335349194187634,0.6107583208672377,0.613602675095237
pipeline_27,"(65, 4, 0.1, 0.8, 1.0)",65,4,0.1,0.8,1.0,8.201877077420553,12.298686297734578,2.948617826550999,0.6317464836595361,0.6105830654615645,0.6774839446968032
pipeline_28,"(65, 4, 0.1, 0.9, 1.0)",65,4,0.1,0.9,1.0,8.133275751272837,12.298686297734578,2.948617826550999,0.6317464836595361,0.6105830654615645,0.6774839446968032
pipeline_29,"(65, 4, 0.1, 1.0, 1.0)",65,4,0.1,1.0,1.0,8.175423868497212,12.298686297734578,2.948617826550999,0.6317464836595361,0.6105830654615645,0.6774839446968032
pipeline_30,"(65, 4, 0.3, 0.8, 1.0)",65,4,0.3,0.8,1.0,8.228031222025553,12.298686297734578,2.948617826550999,0.6317464836595361,0.6105830654615645,0.6774839446968032
pipeline_31,"(65, 4, 0.3, 0.9, 1.0)",65,4,0.3,0.9,1.0,8.16524670124054,12.298686297734578,2.948617826550999,0.6317464836595361,0.6105830654615645,0.6774839446968032
pipeline_32,"(65, 4, 0.3, 1.0, 1.0)",65,4,0.3,1.0,1.0,8.32440630197525,12.298686297734578,2.948617826550999,0.6317464836595361,0.6105830654615645,0.6774839446968032
pipeline_33,"(65, 4, 0.5, 0.8, 1.0)",65,4,0.5,0.8,1.0,8.251519544919331,12.298686297734578,2.948617826550999,0.6317464836595361,0.6105830654615645,0.6774839446968032
pipeline_34,"(65, 4, 0.5, 0.9, 1.0)",65,4,0.5,0.9,1.0,8.121925099690754,12.298686297734578,2.948617826550999,0.6317464836595361,0.6105830654615645,0.6774839446968032
pipeline_35,"(65, 4, 0.5, 1.0, 1.0)",65,4,0.5,1.0,1.0,8.170208382606507,12.298686297734578,2.948617826550999,0.6317464836595361,0.6105830654615645,0.6774839446968032
pipeline_36,"(65, 11, 0.1, 0.8, 0.25)",65,11,0.1,0.8,0.25,60.704796663920085,12.298686297734578,2.936716374948242,0.6340248611548518,0.6100687464256449,0.5735397172203497
pipeline_37,"(65, 11, 0.1, 0.9, 0.25)",65,11,0.1,0.9,0.25,81.21163839499155,12.298686297734578,2.942395839929075,0.6341817317832308,0.6105727972814253,0.5677122452836482
pipeline_38,"(65, 11, 0.1, 1.0, 0.25)",65,11,0.1,1.0,0.25,61.16096167961757,12.298686297734578,2.942395839929075,0.6341817317832308,0.6105727972814253,0.5677122452836482
pipeline_39,"(65, 11, 0.3, 0.8, 0.25)",65,11,0.3,0.8,0.25,61.22420268456141,12.298686297734578,2.942395839929075,0.6341817317832308,0.6105727972814253,0.5677122452836482
pipeline_40,"(45, 11, 0.5, 0.8, 0.75)",45,11,0.5,0.8,0.75,11.936184589068096,10.829813655217489,3.0791420742214743,0.6351743844577693,0.6075365775777322,0.5765225218133259
pipeline_41,"(45, 11, 0.5, 0.9, 0.75)",45,11,0.5,0.9,0.75,11.24125879208247,10.829813655217489,3.0809580363637625,0.6350086104426449,0.6070676466739301,0.5702971829826256
pipeline_42,"(45, 11, 0.5, 1.0, 0.75)",45,11,0.5,1.0,0.75,11.270943037668864,10.829813655217489,3.0809580363637625,0.6350086104426449,0.6070676466739301,0.5702971829826256
pipeline_43,"(45, 11, 0.1, 0.8, 1.0)",45,11,0.1,0.8,1.0,7.786945501963298,10.829813655217489,3.1018637270722387,0.633699202566335,0.6066522122009401,0.6139984356992999
pipeline_44,"(45, 11, 0.1, 0.9, 1.0)",45,11,0.1,0.9,1.0,7.825438825289408,10.829813655217489,3.1018637270722387,0.633699202566335,0.6066522122009401,0.6139984356992999
pipeline_45,"(45, 11, 0.1, 1.0, 1.0)",45,11,0.1,1.0,1.0,7.74478311141332,10.829813655217489,3.1018637270722387,0.633699202566335,0.6066522122009401,0.6139984356992999
pipeline_46,"(45, 11, 0.3, 0.8, 1.0)",45,11,0.3,0.8,1.0,7.810865942637125,10.829813655217489,3.1018637270722387,0.633699202566335,0.6066522122009401,0.6139984356992999
pipeline_47,"(45, 11, 0.3, 0.9, 1.0)",45,11,0.3,0.9,1.0,7.895017449061076,10.829813655217489,3.1018637270722387,0.633699202566335,0.6066522122009401,0.6139984356992999
pipeline_48,"(45, 11, 0.3, 1.0, 1.0)",45,11,0.3,1.0,1.0,7.912281580766042,10.829813655217489,3.1018637270722387,0.633699202566335,0.6066522122009401,0.6139984356992999
pipeline_49,"(45, 11, 0.5, 0.8, 1.0)",45,11,0.5,0.8,1.0,7.905239498615264,10.829813655217489,3.1018637270722387,0.633699202566335,0.6066522122009401,0.6139984356992999
pipeline_50,"(45, 11, 0.5, 0.9, 1.0)",45,11,0.5,0.9,1.0,7.896366842587789,10.829813655217489,3.1018637270722387,0.633699202566335,0.6066522122009401,0.6139984356992999
pipeline_51,"(45, 11, 0.5, 1.0, 1.0)",45,11,0.5,1.0,1.0,7.950263766447703,10.829813655217489,3.1018637270722387,0.633699202566335,0.6066522122009401,0.6139984356992999
pipeline_52,"(45, 18, 0.1, 0.8, 0.25)",45,18,0.1,0.8,0.25,60.32065371274948,10.829813655217489,3.0752854368733207,0.6359062397108,0.6070062059907533,0.546532830622824
pipeline_53,"(45, 18, 0.1, 0.9, 0.25)",45,18,0.1,0.9,0.25,60.16374481121699,10.829813655217489,3.077135917320158,0.6360637555817595,0.6063929964114659,0.5515513379904604
pipeline_54,"(45, 18, 0.1, 1.0, 0.25)",45,18,0.1,1.0,0.25,59.45647548437118,10.829813655217489,3.076647426200504,0.635697634748017,0.606784132503617,0.5450183453530997
pipeline_55,"(45, 18, 0.3, 0.8, 0.25)",45,18,0.3,0.8,0.25,60.07964170773824,10.829813655217489,3.084408487279415,0.6356017571524186,0.6067683807871656,0.5569290601441704
pipeline_56,"(45, 18, 0.3, 0.9, 0.25)",45,18,0.3,0.9,0.25,60.53151008288066,10.829813655217489,3.084408487279415,0.6356017571524186,0.6067683807871656,0.5569290601441704
pipeline_57,"(45, 18, 0.3, 1.0, 0.25)",45,18,0.3,1.0,0.25,59.57181127071381,10.829813655217489,3.084408487279415,0.6356017571524186,0.6067683807871656,0.5569290601441704
pipeline_58,"(45, 18, 0.5, 0.8, 0.25)",45,18,0.5,0.8,0.25,59.469571419556935,10.829813655217489,3.084408487279415,0.6356017571524186,0.6067683807871656,0.5569290601441704
pipeline_59,"(45, 18, 0.5, 0.9, 0.25)",45,18,0.5,0.9,0.25,59.40107710758845,10.829813655217489,3.084408487279415,0.6356017571524186,0.6067683807871656,0.5569290601441704
pipeline_60,"(45, 18, 0.5, 1.0, 0.25)",45,18,0.5,1.0,0.25,59.39684190352758,10.829813655217489,3.084408487279415,0.6356017571524186,0.6067683807871656,0.5569290601441704
pipeline_61,"(45, 18, 0.1, 0.8, 0.5)",45,18,0.1,0.8,0.5,20.355701303482057,10.829813655217489,3.0783508684502827,0.6355395383885073,0.6070291665809247,0.5548962994821525
pipeline_62,"(45, 18, 0.1, 0.9, 0.5)",45,18,0.1,0.9,0.5,20.369271516799927,10.829813655217489,3.0783508684502827,0.6355395383885073,0.6070291665809247,0.5548962994821525
pipeline_63,"(45, 18, 0.1, 1.0, 0.5)",45,18,0.1,1.0,0.5,20.372981894016267,10.829813655217489,3.0783508684502827,0.6355395383885073,0.6070291665809247,0.5548962994821525
pipeline_64,"(45, 18, 0.3, 0.8, 0.5)",45,18,0.3,0.8,0.5,20.36303316752116,10.829813655217489,3.0783508684502827,0.6355395383885073,0.6070291665809247,0.5548962994821525
pipeline_65,"(45, 18, 0.3, 0.9, 0.5)",45,18,0.3,0.9,0.5,20.330310491720837,10.829813655217489,3.0783508684502827,0.6355395383885073,0.6070291665809247,0.5548962994821525
pipeline_66,"(45, 18, 0.3, 1.0, 0.5)",45,18,0.3,1.0,0.5,20.439362649122877,10.829813655217489,3.0783508684502827,0.6355395383885073,0.6070291665809247,0.5548962994821525
pipeline_67,"(45, 18, 0.5, 0.8, 0.5)",45,18,0.5,0.8,0.5,20.384740539391835,10.829813655217489,3.0783508684502827,0.6355395383885073,0.6070291665809247,0.5548962994821525
pipeline_68,"(45, 18, 0.5, 0.9, 0.5)",45,18,0.5,0.9,0.5,20.403106311957043,10.829813655217489,3.0783508684502827,0.6355395383885073,0.6070291665809247,0.5548962994821525
pipeline_69,"(45, 18, 0.5, 1.0, 0.5)",45,18,0.5,1.0,0.5,20.352064414819083,10.829813655217489,3.0783508684502827,0.6355395383885073,0.6070291665809247,0.5548962994821525
pipeline_70,"(45, 18, 0.1, 0.8, 0.75)",45,18,0.1,0.8,0.75,11.28620305856069,10.829813655217489,3.079101694307056,0.6353974111248817,0.6069629024338292,0.569977592416537
pipeline_71,"(45, 18, 0.1, 0.9, 0.75)",45,18,0.1,0.9,0.75,11.269759261608124,10.829813655217489,3.079101694307056,0.6353974111248817,0.6069629024338292,0.569977592416537
pipeline_72,"(45, 18, 0.1, 1.0, 0.75)",45,18,0.1,1.0,0.75,11.263370533784231,10.829813655217489,3.079101694307056,0.6353974111248817,0.6069629024338292,0.569977592416537
pipeline_73,"(45, 18, 0.3, 0.8, 0.75)",45,18,0.3,0.8,0.75,11.290288956960042,10.829813655217489,3.079101694307056,0.6353974111248817,0.6069629024338292,0.569977592416537
pipeline_74,"(45, 18, 0.3, 0.9, 0.75)",45,18,0.3,0.9,0.75,11.276631240049998,10.829813655217489,3.079101694307056,0.6353974111248817,0.6069629024338292,0.569977592416537
pipeline_75,"(45, 18, 0.3, 1.0, 0.75)",45,18,0.3,1.0,0.75,11.304442437489827,10.829813655217489,3.079101694307056,0.6353974111248817,0.6069629024338292,0.569977592416537
pipeline_76,"(45, 18, 0.5, 0.8, 0.75)",45,18,0.5,0.8,0.75,11.2586074868838,10.829813655217489,3.079101694307056,0.6353974111248817,0.6069629024338292,0.569977592416537
pipeline_77,"(45, 18, 0.5, 0.9, 0.75)",45,18,0.5,0.9,0.75,11.274196847279866,10.829813655217489,3.079101694307056,0.6353974111248817,0.6069629024338292,0.569977592416537
pipeline_78,"(45, 18, 0.5, 1.0, 0.75)",45,18,0.5,1.0,0.75,11.268182933330536,10.829813655217489,3.079101694307056,0.6353974111248817,0.6069629024338292,0.569977592416537
pipeline_79,"(45, 18, 0.1, 0.8, 1.0)",45,18,0.1,0.8,1.0,7.680388935407003,10.829813655217489,3.1021767500536725,0.6342984545785344,0.6075064763697584,0.6276234420342858
pipeline_80,"(45, 18, 0.1, 0.9, 1.0)",45,18,0.1,0.9,1.0,7.698744606971741,10.829813655217489,3.1021767500536725,0.6342984545785344,0.6075064763697584,0.6276234420342858
pipeline_81,"(45, 18, 0.1, 1.0, 1.0)",45,18,0.1,1.0,1.0,7.702970071633657,10.829813655217489,3.1021767500536725,0.6342984545785344,0.6075064763697584,0.6276234420342858
pipeline_82,"(45, 18, 0.3, 0.8, 1.0)",45,18,0.3,0.8,1.0,7.68249341249466,10.829813655217489,3.1021767500536725,0.6342984545785344,0.6075064763697584,0.6276234420342858
pipeline_83,"(45, 18, 0.3, 0.9, 1.0)",45,18,0.3,0.9,1.0,7.703145980834961,10.829813655217489,3.1021767500536725,0.6342984545785344,0.6075064763697584,0.6276234420342858
pipeline_84,"(45, 18, 0.3, 1.0, 1.0)",45,18,0.3,1.0,1.0,7.724000147978464,10.829813655217489,3.1021767500536725,0.6342984545785344,0.6075064763697584,0.6276234420342858
pipeline_85,"(45, 4, 0.1, 0.8, 0.25)",45,4,0.1,0.8,0.25,54.56268446842829,10.437137993176778,3.064018247247043,0.6356474480349401,0.6067086633374807,0.5957816214004353
pipeline_86,"(45, 4, 0.1, 0.9, 0.25)",45,4,0.1,0.9,0.25,54.57688108285268,10.437137993176778,3.064018247247043,0.6356474480349401,0.6067086633374807,0.5957816214004353
pipeline_87,"(45, 4, 0.1, 1.0, 0.25)",45,4,0.1,1.0,0.25,54.5738548318545,10.437137993176778,3.064018247247043,0.6356474480349401,0.6067086633374807,0.5957816214004353
pipeline_88,"(45, 4, 0.3, 0.8, 0.25)",45,4,0.3,0.8,0.25,54.53546781937281,10.437137993176778,3.064018247247043,0.6356474480349401,0.6067086633374807,0.5957816214004353
pipeline_89,"(45, 4, 0.3, 0.9, 0.25)",45,4,0.3,0.9,0.25,54.56469209988912,10.437137993176778,3.064018247247043,0.6356474480349401,0.6067086633374807,0.5957816214004353
pipeline_90,"(45, 4, 0.3, 1.0, 0.25)",45,4,0.3,1.0,0.25,54.59458136161168,10.437137993176778,3.064018247247043,0.6356474480349401,0.6067086633374807,0.5957816214004353
pipeline_91,"(45, 4, 0.5, 0.8, 0.25)",45,4,0.5,0.8,0.25,54.64027929703395,10.437137993176778,3.064018247247043,0.6356474480349401,0.6067086633374807,0.5957816214004353
pipeline_92,"(45, 4, 0.5, 0.9, 0.25)",45,4,0.5,0.9,0.25,54.58468159834544,10.437137993176778,3.064018247247043,0.6356474480349401,0.6067086633374807,0.5957816214004353
pipeline_93,"(45, 4, 0.5, 1.0, 0.25)",45,4,0.5,1.0,0.25,54.64035932620367,10.437137993176778,3.064018247247043,0.6356474480349401,0.6067086633374807,0.5957816214004353
pipeline_94,"(45, 4, 0.1, 0.8, 0.5)",45,4,0.1,0.8,0.5,19.11437362035116,10.437137993176778,3.064842146643855,0.6357942455054585,0.6072003122945118,0.5874090902093897
pipeline_95,"(45, 4, 0.1, 0.9, 0.5)",45,4,0.1,0.9,0.5,19.058121009667715,10.437137993176778,3.064842146643855,0.6357942455054585,0.6072003122945118,0.5874090902093897
pipeline_96,"(45, 4, 0.1, 1.0, 0.5)",45,4,0.1,1.0,0.5,19.07541624307633,10.437137993176778,3.064842146643855,0.6357942455054585,0.6072003122945118,0.5874090902093897
pipeline_97,"(45, 4, 0.3, 0.8, 0.5)",45,4,0.3,0.8,0.5,19.079226783911388,10.437137993176778,3.064842146643855,0.6357942455054585,0.6072003122945118,0.5874090902093897
pipeline_98,"(45, 4, 0.3, 0.9, 0.5)",45,4,0.3,0.9,0.5,19.155472163359324,10.437137993176778,3.064842146643855,0.6357942455054585,0.6072003122945118,0.5874090902093897
pipeline_99,"(45, 4, 0.3, 1.0, 0.5)",45,4,0.3,1.0,0.5,19.05811762412389,10.437137993176778,3.064842146643855,0.6357942455054585,0.6072003122945118,0.5874090902093897
pipeline_100,"(45, 4, 0.5, 0.8, 0.5)",45,4,0.5,0.8,0.5,19.095616869131725,10.437137993176778,3.064842146643855,0.6357942455054585,0.6072003122945118,0.5874090902093897
pipeline_101,"(45, 4, 0.5, 0.9, 0.5)",45,4,0.5,0.9,0.5,19.12163831790288,10.437137993176778,3.064842146643855,0.6357942455054585,0.6072003122945118,0.5874090902093897
pipeline_102,"(45, 4, 0.5, 1.0, 0.5)",45,4,0.5,1.0,0.5,19.08627557754517,10.437137993176778,3.064842146643855,0.6357942455054585,0.6072003122945118,0.5874090902093897
pipeline_103,"(45, 4, 0.1, 0.8, 0.75)",45,4,0.1,0.8,0.75,10.740218424797058,10.437137993176778,3.069994787992293,0.6351526586868039,0.6069791001466243,0.5981922949416033
pipeline_104,"(45, 4, 0.1, 0.9, 0.75)",45,4,0.1,0.9,0.75,10.749313509464264,10.437137993176778,3.069994787992293,0.6351526586868039,0.6069791001466243,0.5981922949416033
pipeline_105,"(45, 4, 0.1, 1.0, 0.75)",45,4,0.1,1.0,0.75,10.749567608038584,10.437137993176778,3.069994787992293,0.6351526586868039,0.6069791001466243,0.5981922949416033
pipeline_106,"(45, 4, 0.3, 0.8, 0.75)",45,4,0.3,0.8,0.75,10.77914078235626,10.437137993176778,3.069994787992293,0.6351526586868039,0.6069791001466243,0.5981922949416033
pipeline_107,"(45, 4, 0.3, 0.9, 0.75)",45,4,0.3,0.9,0.75,10.790233810742697,10.437137993176778,3.069994787992293,0.6351526586868039,0.6069791001466243,0.5981922949416033
pipeline_108,"(45, 4, 0.3, 1.0, 0.75)",45,4,0.3,1.0,0.75,10.719893602530162,10.437137993176778,3.069994787992293,0.6351526586868039,0.6069791001466243,0.5981922949416033
pipeline_109,"(45, 4, 0.5, 0.8, 0.75)",45,4,0.5,0.8,0.75,10.734708706537882,10.437137993176778,3.069994787992293,0.6351526586868039,0.6069791001466243,0.5981922949416033
pipeline_110,"(45, 4, 0.5, 0.9, 0.75)",45,4,0.5,0.9,0.75,10.77000432809194,10.437137993176778,3.069994787992293,0.6351526586868039,0.6069791001466243,0.5981922949416033
pipeline_111,"(45, 4, 0.5, 1.0, 0.75)",45,4,0.5,1.0,0.75,10.747334277629852,10.437137993176778,3.069994787992293,0.6351526586868039,0.6069791001466243,0.5981922949416033
pipeline_112,"(45, 4, 0.1, 0.8, 1.0)",45,4,0.1,0.8,1.0,7.510308889547984,10.437137993176778,3.0884519733393727,0.6342239505546412,0.6079502215594585,0.6348399167084058
pipeline_113,"(45, 4, 0.1, 0.9, 1.0)",45,4,0.1,0.9,1.0,7.496405057112375,10.437137993176778,3.0884519733393727,0.6342239505546412,0.6079502215594585,0.6348399167084058
pipeline_114,"(45, 4, 0.1, 1.0, 1.0)",45,4,0.1,1.0,1.0,7.508017222086589,10.437137993176778,3.0884519733393727,0.6342239505546412,0.6079502215594585,0.6348399167084058
pipeline_115,"(45, 4, 0.3, 0.8, 1.0)",45,4,0.3,0.8,1.0,7.504593495527903,10.437137993176778,3.0884519733393727,0.6342239505546412,0.6079502215594585,0.6348399167084058
pipeline_116,"(45, 4, 0.3, 0.9, 1.0)",45,4,0.3,0.9,1.0,7.505927097797394,10.437137993176778,3.0884519733393727,0.6342239505546412,0.6079502215594585,0.6348399167084058
pipeline_117,"(45, 4, 0.3, 1.0, 1.0)",45,4,0.3,1.0,1.0,7.507568983236949,10.437137993176778,3.0884519733393727,0.6342239505546412,0.6079502215594585,0.6348399167084058
pipeline_118,"(45, 4, 0.5, 0.8, 1.0)",45,4,0.5,0.8,1.0,7.510671230157216,10.437137993176778,3.0884519733393727,0.6342239505546412,0.6079502215594585,0.6348399167084058
pipeline_119,"(45, 4, 0.5, 0.9, 1.0)",45,4,0.5,0.9,1.0,7.533287215232849,10.437137993176778,3.0884519733393727,0.6342239505546412,0.6079502215594585,0.6348399167084058
pipeline_120,"(45, 4, 0.5, 1.0, 1.0)",45,4,0.5,1.0,1.0,7.523474697271983,10.437137993176778,3.0884519733393727,0.6342239505546412,0.6079502215594585,0.6348399167084058
pipeline_121,"(45, 11, 0.1, 0.8, 0.25)",45,11,0.1,0.8,0.25,58.52943150599798,10.437137993176778,3.0757490271982064,0.6357196676619705,0.6065303011237434,0.5472403451218848
pipeline_122,"(45, 11, 0.1, 0.9, 0.25)",45,11,0.1,0.9,0.25,58.52007751464844,10.437137993176778,3.0800330544249093,0.6358135924640069,0.6070581271374441,0.5499065301173907
pipeline_123,"(45, 11, 0.1, 1.0, 0.25)",45,11,0.1,1.0,0.25,59.14710320234299,10.437137993176778,3.0800330544249093,0.6358135924640069,0.6070581271374441,0.5499065301173907
pipeline_124,"(45, 11, 0.3, 0.8, 0.25)",45,11,0.3,0.8,0.25,58.43018343051275,10.437137993176778,3.0800330544249093,0.6358135924640069,0.6070581271374441,0.5499065301173907
pipeline_125,"(45, 11, 0.3, 0.9, 0.25)",45,11,0.3,0.9,0.25,58.556166315078734,10.437137993176778,3.0800330544249093,0.6358135924640069,0.6070581271374441,0.5499065301173907
pipeline_126,"(45, 11, 0.3, 1.0, 0.25)",45,11,0.3,1.0,0.25,58.35376415252686,10.437137993176778,3.0800330544249093,0.6358135924640069,0.6070581271374441,0.5499065301173907
pipeline_127,"(45, 11, 0.5, 0.8, 0.25)",45,11,0.5,0.8,0.25,58.555118815104166,10.437137993176778,3.0800330544249093,0.6358135924640069,0.6070581271374441,0.5499065301173907
pipeline_128,"(45, 11, 0.5, 0.9, 0.25)",45,11,0.5,0.9,0.25,58.68727044264475,10.437137993176778,3.0800330544249093,0.6358135924640069,0.6070581271374441,0.5499065301173907
pipeline_129,"(45, 11, 0.5, 1.0, 0.25)",45,11,0.5,1.0,0.25,58.49286995728811,10.437137993176778,3.0800330544249093,0.6358135924640069,0.6070581271374441,0.5499065301173907
pipeline_130,"(45, 11, 0.1, 0.8, 0.5)",45,11,0.1,0.8,0.5,20.48296505212784,10.437137993176778,3.0799464146888127,0.6359958989559685,0.6073694397621683,0.5606279176238772
pipeline_131,"(45, 11, 0.1, 0.9, 0.5)",45,11,0.1,0.9,0.5,20.675857702891037,10.437137993176778,3.0799464146888127,0.6359958989559685,0.6073694397621683,0.5606279176238772
pipeline_132,"(45, 11, 0.1, 1.0, 0.5)",45,11,0.1,1.0,0.5,20.519642666975656,10.437137993176778,3.0799464146888127,0.6359958989559685,0.6073694397621683,0.5606279176238772
pipeline_133,"(45, 11, 0.3, 0.8, 0.5)",45,11,0.3,0.8,0.5,20.65696489810944,10.437137993176778,3.0799464146888127,0.6359958989559685,0.6073694397621683,0.5606279176238772
pipeline_134,"(45, 11, 0.3, 0.9, 0.5)",45,11,0.3,0.9,0.5,20.33045746088028,10.437137993176778,3.0799464146888127,0.6359958989559685,0.6073694397621683,0.5606279176238772
pipeline_135,"(45, 11, 0.3, 1.0, 0.5)",45,11,0.3,1.0,0.5,20.41356101433436,10.437137993176778,3.0799464146888127,0.6359958989559685,0.6073694397621683,0.5606279176238772
pipeline_136,"(45, 11, 0.5, 0.8, 0.5)",45,11,0.5,0.8,0.5,20.28537089427312,10.437137993176778,3.0799464146888127,0.6359958989559685,0.6073694397621683,0.5606279176238772
pipeline_137,"(45, 11, 0.5, 0.9, 0.5)",45,11,0.5,0.9,0.5,20.45678453842799,10.437137993176778,3.0799464146888127,0.6359958989559685,0.6073694397621683,0.5606279176238772
pipeline_138,"(45, 11, 0.5, 1.0, 0.5)",45,11,0.5,1.0,0.5,20.341503032048543,10.437137993176778,3.0799464146888127,0.6359958989559685,0.6073694397621683,0.5606279176238772
pipeline_139,"(45, 11, 0.1, 0.8, 0.75)",45,11,0.1,0.8,0.75,11.2622861067454,10.437137993176778,3.0809580363637625,0.6350086104426449,0.6070676466739301,0.5702971829826256
pipeline_140,"(45, 11, 0.1, 0.9, 0.75)",45,11,0.1,0.9,0.75,11.233571950594584,10.437137993176778,3.0809580363637625,0.6350086104426449,0.6070676466739301,0.5702971829826256
pipeline_141,"(45, 11, 0.1, 1.0, 0.75)",45,11,0.1,1.0,0.75,11.238542211055757,10.437137993176778,3.0809580363637625,0.6350086104426449,0.6070676466739301,0.5702971829826256
pipeline_142,"(45, 11, 0.3, 0.8, 0.75)",45,11,0.3,0.8,0.75,11.560646116733553,10.437137993176778,3.0809580363637625,0.6350086104426449,0.6070676466739301,0.5702971829826256
pipeline_143,"(45, 11, 0.3, 0.9, 0.75)",45,11,0.3,0.9,0.75,11.499794475237527,10.437137993176778,3.0809580363637625,0.6350086104426449,0.6070676466739301,0.5702971829826256
pipeline_144,"(45, 11, 0.3, 1.0, 0.75)",45,11,0.3,1.0,0.75,11.580431918303171,10.437137993176778,3.0809580363637625,0.6350086104426449,0.6070676466739301,0.5702971829826256
pipeline_145,"(45, 18, 0.5, 0.8, 1.0)",45,18,0.5,0.8,1.0,7.812145980199178,127.5535536289215,3.105486051591763,0.6336651391681767,0.6079894969452226,0.6284709033984003
pipeline_146,"(45, 18, 0.5, 0.9, 1.0)",45,18,0.5,0.9,1.0,7.818152705828349,127.5535536289215,3.1102498498798745,0.634044751107278,0.6072034569055289,0.6178199196319685
pipeline_147,"(45, 18, 0.5, 1.0, 1.0)",45,18,0.5,1.0,1.0,7.717920855681101,127.5535536289215,3.101801727986137,0.6343840868332163,0.6072348216213885,0.6155678741291103
pipeline_148,"(45, 25, 0.1, 0.8, 0.25)",45,25,0.1,0.8,0.25,62.691098121802014,127.5535536289215,3.0799079987399587,0.6356448520876374,0.607231262684605,0.5431245081341338
pipeline_149,"(45, 25, 0.1, 0.9, 0.25)",45,25,0.1,0.9,0.25,62.24798098007838,127.5535536289215,3.085448119777835,0.6352872795170044,0.6073791535848143,0.5316591272521037
pipeline_150,"(45, 25, 0.1, 1.0, 0.25)",45,25,0.1,1.0,0.25,62.05437907377879,127.5535536289215,3.085448119777835,0.6352872795170044,0.6073791535848143,0.5316591272521037
pipeline_151,"(45, 25, 0.3, 0.8, 0.25)",45,25,0.3,0.8,0.25,61.98205429315567,127.5535536289215,3.085448119777835,0.6352872795170044,0.6073791535848143,0.5316591272521037
pipeline_152,"(45, 25, 0.3, 0.9, 0.25)",45,25,0.3,0.9,0.25,61.92162596782048,127.5535536289215,3.085448119777835,0.6352872795170044,0.6073791535848143,0.5316591272521037
pipeline_153,"(45, 25, 0.3, 1.0, 0.25)",45,25,0.3,1.0,0.25,62.06430054505666,127.5535536289215,3.085448119777835,0.6352872795170044,0.6073791535848143,0.5316591272521037
pipeline_154,"(45, 25, 0.5, 0.8, 0.25)",45,25,0.5,0.8,0.25,62.20563938617706,127.5535536289215,3.085448119777835,0.6352872795170044,0.6073791535848143,0.5316591272521037
pipeline_155,"(45, 25, 0.5, 0.9, 0.25)",45,25,0.5,0.9,0.25,62.2308847784996,127.5535536289215,3.085448119777835,0.6352872795170044,0.6073791535848143,0.5316591272521037
pipeline_156,"(45, 25, 0.5, 1.0, 0.25)",45,25,0.5,1.0,0.25,62.15446310838063,127.5535536289215,3.085448119777835,0.6352872795170044,0.6073791535848143,0.5316591272521037
pipeline_157,"(45, 25, 0.1, 0.8, 0.5)",45,25,0.1,0.8,0.5,21.235302118460336,127.5535536289215,3.078377214598783,0.6351260239754576,0.6071280504960087,0.5387859838219321
pipeline_158,"(45, 25, 0.1, 0.9, 0.5)",45,25,0.1,0.9,0.5,21.11682946681976,127.5535536289215,3.078377214598783,0.6351260239754576,0.6071280504960087,0.5387859838219321
pipeline_159,"(45, 25, 0.1, 1.0, 0.5)",45,25,0.1,1.0,0.5,21.127502461274464,127.5535536289215,3.078377214598783,0.6351260239754576,0.6071280504960087,0.5387859838219321
pipeline_160,"(45, 25, 0.3, 0.8, 0.5)",45,25,0.3,0.8,0.5,21.136849292119344,127.5535536289215,3.078377214598783,0.6351260239754576,0.6071280504960087,0.5387859838219321
pipeline_161,"(45, 25, 0.3, 0.9, 0.5)",45,25,0.3,0.9,0.5,21.194494704405468,127.5535536289215,3.078377214598783,0.6351260239754576,0.6071280504960087,0.5387859838219321
pipeline_162,"(45, 25, 0.3, 1.0, 0.5)",45,25,0.3,1.0,0.5,21.181130003929137,127.5535536289215,3.078377214598783,0.6351260239754576,0.6071280504960087,0.5387859838219321
pipeline_163,"(45, 25, 0.5, 0.8, 0.5)",45,25,0.5,0.8,0.5,21.13140750726064,127.5535536289215,3.078377214598783,0.6351260239754576,0.6071280504960087,0.5387859838219321
pipeline_164,"(45, 25, 0.5, 0.9, 0.5)",45,25,0.5,0.9,0.5,21.00219843387604,127.5535536289215,3.078377214598783,0.6351260239754576,0.6071280504960087,0.5387859838219321
pipeline_165,"(45, 25, 0.5, 1.0, 0.5)",45,25,0.5,1.0,0.5,21.099219711621604,127.5535536289215,3.078377214598783,0.6351260239754576,0.6071280504960087,0.5387859838219321
pipeline_166,"(45, 25, 0.1, 0.8, 0.75)",45,25,0.1,0.8,0.75,11.55644595225652,127.5535536289215,3.0866328974883714,0.6349619012089973,0.607565631896717,0.5796320455883373
pipeline_167,"(45, 25, 0.1, 0.9, 0.75)",45,25,0.1,0.9,0.75,11.564872284730276,127.5535536289215,3.0866328974883714,0.6349619012089973,0.607565631896717,0.5796320455883373
pipeline_168,"(45, 25, 0.1, 1.0, 0.75)",45,25,0.1,1.0,0.75,11.61293516953786,127.5535536289215,3.0866328974883714,0.6349619012089973,0.607565631896717,0.5796320455883373
pipeline_169,"(45, 25, 0.3, 0.8, 0.75)",45,25,0.3,0.8,0.75,11.615384058157604,127.5535536289215,3.0866328974883714,0.6349619012089973,0.607565631896717,0.5796320455883373
pipeline_170,"(45, 25, 0.3, 0.9, 0.75)",45,25,0.3,0.9,0.75,11.59659892320633,127.5535536289215,3.0866328974883714,0.6349619012089973,0.607565631896717,0.5796320455883373
pipeline_171,"(45, 25, 0.3, 1.0, 0.75)",45,25,0.3,1.0,0.75,11.537617659568786,127.5535536289215,3.0866328974883714,0.6349619012089973,0.607565631896717,0.5796320455883373
pipeline_172,"(45, 25, 0.5, 0.8, 0.75)",45,25,0.5,0.8,0.75,11.60979077021281,127.5535536289215,3.0866328974883714,0.6349619012089973,0.607565631896717,0.5796320455883373
pipeline_173,"(45, 25, 0.5, 0.9, 0.75)",45,25,0.5,0.9,0.75,11.574727435906729,127.5535536289215,3.0866328974883714,0.6349619012089973,0.607565631896717,0.5796320455883373
pipeline_174,"(45, 25, 0.5, 1.0, 0.75)",45,25,0.5,1.0,0.75,11.568538562456768,127.5535536289215,3.0866328974883714,0.6349619012089973,0.607565631896717,0.5796320455883373
pipeline_175,"(45, 25, 0.1, 0.8, 1.0)",45,25,0.1,0.8,1.0,8.031499636173248,127.5535536289215,3.1191579364151405,0.6337080776284142,0.6070237391244089,0.6256111559514284
pipeline_176,"(45, 25, 0.1, 0.9, 1.0)",45,25,0.1,0.9,1.0,8.028452889124553,127.5535536289215,3.1191579364151405,0.6337080776284142,0.6070237391244089,0.6256111559514284
pipeline_177,"(45, 25, 0.1, 1.0, 1.0)",45,25,0.1,1.0,1.0,8.001402803262074,127.5535536289215,3.1191579364151405,0.6337080776284142,0.6070237391244089,0.6256111559514284
pipeline_178,"(45, 25, 0.3, 0.8, 1.0)",45,25,0.3,0.8,1.0,7.995641835530599,127.5535536289215,3.1191579364151405,0.6337080776284142,0.6070237391244089,0.6256111559514284
pipeline_179,"(45, 25, 0.3, 0.9, 1.0)",45,25,0.3,0.9,1.0,8.052970111370087,127.5535536289215,3.1191579364151405,0.6337080776284142,0.6070237391244089,0.6256111559514284
pipeline_180,"(45, 25, 0.3, 1.0, 1.0)",45,25,0.3,1.0,1.0,8.036272446314493,127.5535536289215,3.1191579364151405,0.6337080776284142,0.6070237391244089,0.6256111559514284
pipeline_181,"(45, 25, 0.5, 0.8, 1.0)",45,25,0.5,0.8,1.0,8.022328102588654,127.5535536289215,3.1191579364151405,0.6337080776284142,0.6070237391244089,0.6256111559514284
pipeline_182,"(45, 25, 0.5, 0.9, 1.0)",45,25,0.5,0.9,1.0,7.977269395192464,127.5535536289215,3.1191579364151405,0.6337080776284142,0.6070237391244089,0.6256111559514284
pipeline_183,"(45, 25, 0.5, 1.0, 1.0)",45,25,0.5,1.0,1.0,7.999106045564016,127.5535536289215,3.1191579364151405,0.6337080776284142,0.6070237391244089,0.6256111559514284
pipeline_184,"(45, 32, 0.1, 0.8, 0.25)",45,32,0.1,0.8,0.25,62.97540259361267,127.5535536289215,3.0904781259316767,0.6354811658886725,0.6059103476571863,0.5525225399750767
pipeline_185,"(45, 32, 0.1, 0.9, 0.25)",45,32,0.1,0.9,0.25,62.983167672157286,127.5535536289215,3.0904781259316767,0.6354811658886725,0.6059103476571863,0.5525225399750767
pipeline_186,"(45, 32, 0.1, 1.0, 0.25)",45,32,0.1,1.0,0.25,63.89025417168935,127.5535536289215,3.0904781259316767,0.6354811658886725,0.6059103476571863,0.5525225399750767
pipeline_187,"(45, 32, 0.3, 0.8, 0.25)",45,32,0.3,0.8,0.25,63.29139985243479,127.5535536289215,3.0904781259316767,0.6354811658886725,0.6059103476571863,0.5525225399750767
pipeline_188,"(45, 32, 0.3, 0.9, 0.25)",45,32,0.3,0.9,0.25,65.75807433128357,127.5535536289215,3.0904781259316767,0.6354811658886725,0.6059103476571863,0.5525225399750767
pipeline_189,"(45, 32, 0.3, 1.0, 0.25)",45,32,0.3,1.0,0.25,65.19953954219818,127.5535536289215,3.0904781259316767,0.6354811658886725,0.6059103476571863,0.5525225399750767
pipeline_190,"(25, 18, 0.1, 1.0, 0.75)",25,18,0.1,1.0,0.75,17.044984714190164,14.02738315264384,3.3257666206534964,0.6359132011450614,0.602038169207294,0.5338854906653775
pipeline_191,"(25, 18, 0.3, 0.8, 0.75)",25,18,0.3,0.8,0.75,17.130139831701914,14.02738315264384,3.3176026810278625,0.6354933972983672,0.6029201269428393,0.554827343907602
pipeline_192,"(25, 18, 0.3, 0.9, 0.75)",25,18,0.3,0.9,0.75,17.060718711217245,14.02738315264384,3.3104816969007995,0.6359493967054459,0.6025064795847188,0.5502507666806854
pipeline_193,"(25, 18, 0.3, 1.0, 0.75)",25,18,0.3,1.0,0.75,17.133863615989686,14.02738315264384,3.3146507967211924,0.6359826988468672,0.6022770243967974,0.5452440456527058
pipeline_194,"(25, 18, 0.5, 0.8, 0.75)",25,18,0.5,0.8,0.75,17.084441872437797,14.02738315264384,3.320837941096551,0.6357983285812909,0.6035119563292033,0.5468408685328097
pipeline_195,"(25, 18, 0.5, 0.9, 0.75)",25,18,0.5,0.9,0.75,17.091335117816925,14.02738315264384,3.320837941096551,0.6357983285812909,0.6035119563292033,0.5468408685328097
pipeline_196,"(25, 18, 0.5, 1.0, 0.75)",25,18,0.5,1.0,0.75,17.096014710267387,14.02738315264384,3.320837941096551,0.6357983285812909,0.6035119563292033,0.5468408685328097
pipeline_197,"(25, 18, 0.1, 0.8, 1.0)",25,18,0.1,0.8,1.0,11.470286734898885,14.02738315264384,3.3433126804623825,0.6348273778022802,0.6031509366198073,0.5903238687016163
pipeline_198,"(25, 18, 0.1, 0.9, 1.0)",25,18,0.1,0.9,1.0,11.469186933835347,14.02738315264384,3.3433126804623825,0.6348273778022802,0.6031509366198073,0.5903238687016163
pipeline_199,"(25, 18, 0.1, 1.0, 1.0)",25,18,0.1,1.0,1.0,11.472832604249318,14.02738315264384,3.3433126804623825,0.6348273778022802,0.6031509366198073,0.5903238687016163
pipeline_200,"(25, 18, 0.3, 0.8, 1.0)",25,18,0.3,0.8,1.0,11.478742396831512,14.02738315264384,3.3433126804623825,0.6348273778022802,0.6031509366198073,0.5903238687016163
pipeline_201,"(25, 18, 0.3, 0.9, 1.0)",25,18,0.3,0.9,1.0,11.467265911897025,14.02738315264384,3.3433126804623825,0.6348273778022802,0.6031509366198073,0.5903238687016163
pipeline_202,"(25, 18, 0.3, 1.0, 1.0)",25,18,0.3,1.0,1.0,11.474072202046711,14.02738315264384,3.3433126804623825,0.6348273778022802,0.6031509366198073,0.5903238687016163
pipeline_203,"(25, 18, 0.5, 0.8, 1.0)",25,18,0.5,0.8,1.0,11.449848222732545,14.02738315264384,3.3433126804623825,0.6348273778022802,0.6031509366198073,0.5903238687016163
pipeline_204,"(25, 18, 0.5, 0.9, 1.0)",25,18,0.5,0.9,1.0,11.448534536361697,14.02738315264384,3.3433126804623825,0.6348273778022802,0.6031509366198073,0.5903238687016163
pipeline_205,"(25, 18, 0.5, 1.0, 1.0)",25,18,0.5,1.0,1.0,11.468237523237864,14.02738315264384,3.3433126804623825,0.6348273778022802,0.6031509366198073,0.5903238687016163
pipeline_206,"(25, 25, 0.1, 0.8, 0.25)",25,25,0.1,0.8,0.25,94.2156349460284,14.02738315264384,3.2994727263540806,0.6359079513895964,0.6009579811578827,0.544366875129821
pipeline_207,"(25, 25, 0.1, 0.9, 0.25)",25,25,0.1,0.9,0.25,94.53424504995346,14.02738315264384,3.296645022939225,0.6360293252162443,0.6015767768040211,0.5250913732094304
pipeline_208,"(25, 25, 0.1, 1.0, 0.25)",25,25,0.1,1.0,0.25,94.40966572761536,14.02738315264384,3.296645022939225,0.6360293252162443,0.6015767768040211,0.5250913732094304
pipeline_209,"(25, 25, 0.3, 0.8, 0.25)",25,25,0.3,0.8,0.25,94.32102715571722,14.02738315264384,3.296645022939225,0.6360293252162443,0.6015767768040211,0.5250913732094304
pipeline_210,"(25, 25, 0.3, 0.9, 0.25)",25,25,0.3,0.9,0.25,93.9685733238856,14.02738315264384,3.296645022939225,0.6360293252162443,0.6015767768040211,0.5250913732094304
pipeline_211,"(25, 25, 0.3, 1.0, 0.25)",25,25,0.3,1.0,0.25,94.09657754500708,14.02738315264384,3.296645022939225,0.6360293252162443,0.6015767768040211,0.5250913732094304
pipeline_212,"(25, 25, 0.5, 0.8, 0.25)",25,25,0.5,0.8,0.25,94.03666662375132,14.02738315264384,3.296645022939225,0.6360293252162443,0.6015767768040211,0.5250913732094304
pipeline_213,"(25, 25, 0.5, 0.9, 0.25)",25,25,0.5,0.9,0.25,94.14894999663036,14.02738315264384,3.296645022939225,0.6360293252162443,0.6015767768040211,0.5250913732094304
pipeline_214,"(25, 25, 0.5, 1.0, 0.25)",25,25,0.5,1.0,0.25,94.4142211119334,14.02738315264384,3.296645022939225,0.6360293252162443,0.6015767768040211,0.5250913732094304
pipeline_215,"(25, 25, 0.1, 0.8, 0.5)",25,25,0.1,0.8,0.5,31.73822857538859,14.02738315264384,3.298179834087801,0.6365123570915234,0.6019361935006589,0.5286950435060481
pipeline_216,"(25, 25, 0.1, 0.9, 0.5)",25,25,0.1,0.9,0.5,31.75317126909892,14.02738315264384,3.298179834087801,0.6365123570915234,0.6019361935006589,0.5286950435060481
pipeline_217,"(25, 25, 0.1, 1.0, 0.5)",25,25,0.1,1.0,0.5,31.734988339742024,14.02738315264384,3.298179834087801,0.6365123570915234,0.6019361935006589,0.5286950435060481
pipeline_218,"(25, 25, 0.3, 0.8, 0.5)",25,25,0.3,0.8,0.5,31.688819555441537,14.02738315264384,3.298179834087801,0.6365123570915234,0.6019361935006589,0.5286950435060481
pipeline_219,"(25, 25, 0.3, 0.9, 0.5)",25,25,0.3,0.9,0.5,31.67720197041829,14.02738315264384,3.298179834087801,0.6365123570915234,0.6019361935006589,0.5286950435060481
pipeline_220,"(25, 25, 0.3, 1.0, 0.5)",25,25,0.3,1.0,0.5,31.66994708776474,14.02738315264384,3.298179834087801,0.6365123570915234,0.6019361935006589,0.5286950435060481
pipeline_221,"(25, 25, 0.5, 0.8, 0.5)",25,25,0.5,0.8,0.5,31.70588649908701,14.02738315264384,3.298179834087801,0.6365123570915234,0.6019361935006589,0.5286950435060481
pipeline_222,"(25, 25, 0.5, 0.9, 0.5)",25,25,0.5,0.9,0.5,31.731416050593054,14.02738315264384,3.298179834087801,0.6365123570915234,0.6019361935006589,0.5286950435060481
pipeline_223,"(25, 25, 0.5, 1.0, 0.5)",25,25,0.5,1.0,0.5,31.66480649312337,14.02738315264384,3.298179834087801,0.6365123570915234,0.6019361935006589,0.5286950435060481
pipeline_224,"(25, 25, 0.1, 0.8, 0.75)",25,25,0.1,0.8,0.75,16.963992488384246,14.02738315264384,3.3100268682763936,0.6358177157500033,0.6019746500538663,0.5334955425761695
pipeline_225,"(25, 25, 0.1, 0.9, 0.75)",25,25,0.1,0.9,0.75,16.97349118789037,14.02738315264384,3.3100268682763936,0.6358177157500033,0.6019746500538663,0.5334955425761695
pipeline_226,"(25, 25, 0.1, 1.0, 0.75)",25,25,0.1,1.0,0.75,16.95745719273885,14.02738315264384,3.3100268682763936,0.6358177157500033,0.6019746500538663,0.5334955425761695
pipeline_227,"(25, 25, 0.3, 0.8, 0.75)",25,25,0.3,0.8,0.75,16.93920666774114,14.02738315264384,3.3100268682763936,0.6358177157500033,0.6019746500538663,0.5334955425761695
pipeline_228,"(25, 25, 0.3, 0.9, 0.75)",25,25,0.3,0.9,0.75,16.91432410478592,14.02738315264384,3.3100268682763936,0.6358177157500033,0.6019746500538663,0.5334955425761695
pipeline_229,"(25, 25, 0.3, 1.0, 0.75)",25,25,0.3,1.0,0.75,16.94511704047521,14.02738315264384,3.3100268682763936,0.6358177157500033,0.6019746500538663,0.5334955425761695
pipeline_230,"(25, 25, 0.5, 0.8, 0.75)",25,25,0.5,0.8,0.75,16.95680738290151,14.02738315264384,3.3100268682763936,0.6358177157500033,0.6019746500538663,0.5334955425761695
pipeline_231,"(25, 25, 0.5, 0.9, 0.75)",25,25,0.5,0.9,0.75,16.986500151952107,14.02738315264384,3.3100268682763936,0.6358177157500033,0.6019746500538663,0.5334955425761695
pipeline_232,"(25, 25, 0.5, 1.0, 0.75)",25,25,0.5,1.0,0.75,16.963433329264323,14.02738315264384,3.3100268682763936,0.6358177157500033,0.6019746500538663,0.5334955425761695
pipeline_233,"(25, 25, 0.1, 0.8, 1.0)",25,25,0.1,0.8,1.0,11.363772416114807,14.02738315264384,3.3507321105017702,0.6350911877483904,0.6027521622863339,0.5774880340350771
pipeline_234,"(25, 25, 0.1, 0.9, 1.0)",25,25,0.1,0.9,1.0,11.379507879416147,14.02738315264384,3.3507321105017702,0.6350911877483904,0.6027521622863339,0.5774880340350771
pipeline_235,"(25, 25, 0.1, 1.0, 1.0)",25,25,0.1,1.0,1.0,11.370492935180664,14.055973319212596,3.344854869386449,0.634256127229237,0.602476662865385,0.5772104066825409
pipeline_236,"(25, 25, 0.3, 0.8, 1.0)",25,25,0.3,0.8,1.0,11.45024480422338,14.055973319212596,3.354004251658443,0.6348290365498788,0.6028360840716191,0.5754000009376957
pipeline_237,"(25, 25, 0.3, 0.9, 1.0)",25,25,0.3,0.9,1.0,11.4336856563886,14.055973319212596,3.354004251658443,0.6348290365498788,0.6028360840716191,0.5754000009376957
pipeline_238,"(25, 25, 0.3, 1.0, 1.0)",25,25,0.3,1.0,1.0,11.436047609647115,14.055973319212596,3.354004251658443,0.6348290365498788,0.6028360840716191,0.5754000009376957
pipeline_239,"(25, 25, 0.5, 0.8, 1.0)",25,25,0.5,0.8,1.0,11.441566359996797,14.055973319212596,3.354004251658443,0.6348290365498788,0.6028360840716191,0.5754000009376957
pipeline_240,"(25, 25, 0.5, 0.9, 1.0)",25,25,0.5,0.9,1.0,11.454359710216522,14.055973319212596,3.354004251658443,0.6348290365498788,0.6028360840716191,0.5754000009376957
pipeline_241,"(25, 25, 0.5, 1.0, 1.0)",25,25,0.5,1.0,1.0,11.50351449251175,14.055973319212596,3.354004251658443,0.6348290365498788,0.6028360840716191,0.5754000009376957
pipeline_242,"(25, 32, 0.1, 0.8, 0.25)",25,32,0.1,0.8,0.25,96.73592342535656,14.055973319212596,3.3041978231633404,0.6357264105827118,0.6014201729794459,0.5279664438552757
pipeline_243,"(25, 32, 0.1, 0.9, 0.25)",25,32,0.1,0.9,0.25,96.68931090037027,14.055973319212596,3.3041978231633404,0.6357264105827118,0.6014201729794459,0.5279664438552757
pipeline_244,"(25, 32, 0.1, 1.0, 0.25)",25,32,0.1,1.0,0.25,96.69093191226324,14.055973319212596,3.3041978231633404,0.6357264105827118,0.6014201729794459,0.5279664438552757
pipeline_245,"(25, 32, 0.3, 0.8, 0.25)",25,32,0.3,0.8,0.25,96.84200937350592,14.055973319212596,3.3041978231633404,0.6357264105827118,0.6014201729794459,0.5279664438552757
pipeline_246,"(25, 32, 0.3, 0.9, 0.25)",25,32,0.3,0.9,0.25,96.60392275651296,14.055973319212596,3.3041978231633404,0.6357264105827118,0.6014201729794459,0.5279664438552757
pipeline_247,"(25, 32, 0.3, 1.0, 0.25)",25,32,0.3,1.0,0.25,96.76850115855537,14.055973319212596,3.3041978231633404,0.6357264105827118,0.6014201729794459,0.5279664438552757
pipeline_248,"(25, 32, 0.5, 0.8, 0.25)",25,32,0.5,0.8,0.25,96.82071916262308,14.055973319212596,3.3041978231633404,0.6357264105827118,0.6014201729794459,0.5279664438552757
pipeline_249,"(25, 32, 0.5, 0.9, 0.25)",25,32,0.5,0.9,0.25,96.68930815458296,14.055973319212596,3.3041978231633404,0.6357264105827118,0.6014201729794459,0.5279664438552757
pipeline_250,"(25, 32, 0.5, 1.0, 0.25)",25,32,0.5,1.0,0.25,96.73873115380606,14.055973319212596,3.3041978231633404,0.6357264105827118,0.6014201729794459,0.5279664438552757
pipeline_251,"(25, 32, 0.1, 0.8, 0.5)",25,32,0.1,0.8,0.5,32.992633994420366,14.055973319212596,3.3272846272522845,0.6351190230412376,0.6011794996291289,0.5322475583045663
pipeline_252,"(25, 32, 0.1, 0.9, 0.5)",25,32,0.1,0.9,0.5,32.93675868908564,14.055973319212596,3.3272846272522845,0.6351190230412376,0.6011794996291289,0.5322475583045663
pipeline_253,"(25, 32, 0.1, 1.0, 0.5)",25,32,0.1,1.0,0.5,32.98219511906306,14.055973319212596,3.3272846272522845,0.6351190230412376,0.6011794996291289,0.5322475583045663
pipeline_254,"(25, 32, 0.3, 0.8, 0.5)",25,32,0.3,0.8,0.5,32.95803282260895,14.055973319212596,3.3272846272522845,0.6351190230412376,0.6011794996291289,0.5322475583045663
pipeline_255,"(25, 32, 0.3, 0.9, 0.5)",25,32,0.3,0.9,0.5,32.969089178244275,14.055973319212596,3.3272846272522845,0.6351190230412376,0.6011794996291289,0.5322475583045663
pipeline_256,"(25, 32, 0.3, 1.0, 0.5)",25,32,0.3,1.0,0.5,32.963232763608296,14.055973319212596,3.3272846272522845,0.6351190230412376,0.6011794996291289,0.5322475583045663
pipeline_257,"(25, 32, 0.5, 0.8, 0.5)",25,32,0.5,0.8,0.5,32.927311877409615,14.055973319212596,3.3272846272522845,0.6351190230412376,0.6011794996291289,0.5322475583045663
pipeline_258,"(25, 32, 0.5, 0.9, 0.5)",25,32,0.5,0.9,0.5,32.967487609386446,14.055973319212596,3.3272846272522845,0.6351190230412376,0.6011794996291289,0.5322475583045663
pipeline_259,"(25, 32, 0.5, 1.0, 0.5)",25,32,0.5,1.0,0.5,33.01649179061254,14.055973319212596,3.3272846272522845,0.6351190230412376,0.6011794996291289,0.5322475583045663
pipeline_260,"(25, 32, 0.1, 0.8, 0.75)",25,32,0.1,0.8,0.75,17.226897712548574,14.055973319212596,3.314187754668588,0.6360383445127041,0.6026097131838745,0.5306272500576431
pipeline_261,"(25, 32, 0.1, 0.9, 0.75)",25,32,0.1,0.9,0.75,17.215165189901988,14.055973319212596,3.314187754668588,0.6360383445127041,0.6026097131838745,0.5306272500576431
pipeline_262,"(25, 32, 0.1, 1.0, 0.75)",25,32,0.1,1.0,0.75,17.198826618989308,14.055973319212596,3.314187754668588,0.6360383445127041,0.6026097131838745,0.5306272500576431
pipeline_263,"(25, 32, 0.3, 0.8, 0.75)",25,32,0.3,0.8,0.75,17.22791531483332,14.055973319212596,3.314187754668588,0.6360383445127041,0.6026097131838745,0.5306272500576431
pipeline_264,"(25, 32, 0.3, 0.9, 0.75)",25,32,0.3,0.9,0.75,17.209521583716075,14.055973319212596,3.314187754668588,0.6360383445127041,0.6026097131838745,0.5306272500576431
pipeline_265,"(25, 32, 0.3, 1.0, 0.75)",25,32,0.3,1.0,0.75,17.204920252164204,14.055973319212596,3.314187754668588,0.6360383445127041,0.6026097131838745,0.5306272500576431
pipeline_266,"(25, 32, 0.5, 0.8, 0.75)",25,32,0.5,0.8,0.75,17.207598773638406,14.055973319212596,3.314187754668588,0.6360383445127041,0.6026097131838745,0.5306272500576431
pipeline_267,"(25, 32, 0.5, 0.9, 0.75)",25,32,0.5,0.9,0.75,17.223472793896992,14.055973319212596,3.314187754668588,0.6360383445127041,0.6026097131838745,0.5306272500576431
pipeline_268,"(25, 32, 0.5, 1.0, 0.75)",25,32,0.5,1.0,0.75,17.21926010052363,14.055973319212596,3.314187754668588,0.6360383445127041,0.6026097131838745,0.5306272500576431
pipeline_269,"(25, 32, 0.1, 0.8, 1.0)",25,32,0.1,0.8,1.0,11.51584730943044,14.055973319212596,3.35055843877511,0.6346207703968937,0.6030138782851209,0.5708863287941771
pipeline_270,"(25, 32, 0.1, 0.9, 1.0)",25,32,0.1,0.9,1.0,11.48412690560023,14.055973319212596,3.35055843877511,0.6346207703968937,0.6030138782851209,0.5708863287941771
pipeline_271,"(25, 32, 0.1, 1.0, 1.0)",25,32,0.1,1.0,1.0,11.476953407128653,14.055973319212596,3.35055843877511,0.6346207703968937,0.6030138782851209,0.5708863287941771
pipeline_272,"(25, 32, 0.3, 0.8, 1.0)",25,32,0.3,0.8,1.0,11.476688913504285,14.055973319212596,3.35055843877511,0.6346207703968937,0.6030138782851209,0.5708863287941771
pipeline_273,"(25, 32, 0.3, 0.9, 1.0)",25,32,0.3,0.9,1.0,11.472655646006269,14.055973319212596,3.35055843877511,0.6346207703968937,0.6030138782851209,0.5708863287941771
pipeline_274,"(25, 32, 0.3, 1.0, 1.0)",25,32,0.3,1.0,1.0,11.466372752189637,14.055973319212596,3.35055843877511,0.6346207703968937,0.6030138782851209,0.5708863287941771
pipeline_275,"(25, 32, 0.5, 0.8, 1.0)",25,32,0.5,0.8,1.0,11.470142126083374,14.055973319212596,3.35055843877511,0.6346207703968937,0.6030138782851209,0.5708863287941771
pipeline_276,"(25, 32, 0.5, 0.9, 1.0)",25,32,0.5,0.9,1.0,11.467491741975149,14.055973319212596,3.35055843877511,0.6346207703968937,0.6030138782851209,0.5708863287941771
pipeline_277,"(25, 32, 0.5, 1.0, 1.0)",25,32,0.5,1.0,1.0,11.465490885575612,14.055973319212596,3.35055843877511,0.6346207703968937,0.6030138782851209,0.5708863287941771
pipeline_278,"(25, 11, 0.1, 0.9, 0.5)",25,11,0.1,0.9,0.5,30.24160252014796,14.036886330445608,3.293457354579097,0.6360302893828689,0.6020328669960088,0.537625397034616
pipeline_279,"(25, 11, 0.1, 1.0, 0.5)",25,11,0.1,1.0,0.5,30.245800236860912,14.036886330445608,3.2905875985585293,0.6367361983225617,0.600930869782798,0.5376287223729592
pipeline_280,"(25, 11, 0.3, 0.8, 0.5)",25,11,0.3,0.8,0.5,30.18772571484248,14.036886330445608,3.2905875985585293,0.6367361983225617,0.600930869782798,0.5376287223729592
pipeline_281,"(25, 11, 0.3, 0.9, 0.5)",25,11,0.3,0.9,0.5,30.13568952480952,14.036886330445608,3.2905875985585293,0.6367361983225617,0.600930869782798,0.5376287223729592
pipeline_282,"(25, 11, 0.3, 1.0, 0.5)",25,11,0.3,1.0,0.5,30.128592546780904,14.036886330445608,3.2905875985585293,0.6367361983225617,0.600930869782798,0.5376287223729592
pipeline_283,"(25, 11, 0.5, 0.8, 0.5)",25,11,0.5,0.8,0.5,30.12310736576716,14.036886330445608,3.2905875985585293,0.6367361983225617,0.600930869782798,0.5376287223729592
pipeline_284,"(25, 11, 0.5, 0.9, 0.5)",25,11,0.5,0.9,0.5,30.15640276670456,14.036886330445608,3.2905875985585293,0.6367361983225617,0.600930869782798,0.5376287223729592
pipeline_285,"(25, 11, 0.5, 1.0, 0.5)",25,11,0.5,1.0,0.5,30.189051993687947,14.036886330445608,3.2905875985585293,0.6367361983225617,0.600930869782798,0.5376287223729592
pipeline_286,"(25, 11, 0.1, 0.8, 0.75)",25,11,0.1,0.8,0.75,16.542310122648875,14.036886330445608,3.296490560836405,0.6359906246984139,0.602004938284532,0.5474349872161532
pipeline_287,"(25, 11, 0.1, 0.9, 0.75)",25,11,0.1,0.9,0.75,16.547944370905558,14.036886330445608,3.296490560836405,0.6359906246984139,0.602004938284532,0.5474349872161532
pipeline_288,"(25, 11, 0.1, 1.0, 0.75)",25,11,0.1,1.0,0.75,16.51352126598358,14.036886330445608,3.296490560836405,0.6359906246984139,0.602004938284532,0.5474349872161532
pipeline_289,"(25, 11, 0.3, 0.8, 0.75)",25,11,0.3,0.8,0.75,16.513301356633505,14.036886330445608,3.296490560836405,0.6359906246984139,0.602004938284532,0.5474349872161532
pipeline_290,"(25, 11, 0.3, 0.9, 0.75)",25,11,0.3,0.9,0.75,16.524110786120097,14.036886330445608,3.296490560836405,0.6359906246984139,0.602004938284532,0.5474349872161532
pipeline_291,"(25, 11, 0.3, 1.0, 0.75)",25,11,0.3,1.0,0.75,16.505206429958342,14.036886330445608,3.296490560836405,0.6359906246984139,0.602004938284532,0.5474349872161532
pipeline_292,"(25, 11, 0.5, 0.8, 0.75)",25,11,0.5,0.8,0.75,16.508381466070812,14.036886330445608,3.296490560836405,0.6359906246984139,0.602004938284532,0.5474349872161532
pipeline_293,"(25, 11, 0.5, 0.9, 0.75)",25,11,0.5,0.9,0.75,16.514085189501444,14.036886330445608,3.296490560836405,0.6359906246984139,0.602004938284532,0.5474349872161532
pipeline_294,"(25, 11, 0.5, 1.0, 0.75)",25,11,0.5,1.0,0.75,16.51831753651301,14.036886330445608,3.296490560836405,0.6359906246984139,0.602004938284532,0.5474349872161532
pipeline_295,"(25, 11, 0.1, 0.8, 1.0)",25,11,0.1,0.8,1.0,11.08969955444336,14.036886330445608,3.321682708388318,0.6352057071520343,0.6023999869506587,0.5847078622629414
pipeline_296,"(25, 11, 0.1, 0.9, 1.0)",25,11,0.1,0.9,1.0,11.08057561715444,14.036886330445608,3.321682708388318,0.6352057071520343,0.6023999869506587,0.5847078622629414
pipeline_297,"(25, 11, 0.1, 1.0, 1.0)",25,11,0.1,1.0,1.0,11.092765537897746,14.036886330445608,3.321682708388318,0.6352057071520343,0.6023999869506587,0.5847078622629414
pipeline_298,"(25, 11, 0.3, 0.8, 1.0)",25,11,0.3,0.8,1.0,11.08914761543274,14.036886330445608,3.321682708388318,0.6352057071520343,0.6023999869506587,0.5847078622629414
pipeline_299,"(25, 11, 0.3, 0.9, 1.0)",25,11,0.3,0.9,1.0,11.113219865163169,14.036886330445608,3.321682708388318,0.6352057071520343,0.6023999869506587,0.5847078622629414
pipeline_300,"(25, 11, 0.3, 1.0, 1.0)",25,11,0.3,1.0,1.0,11.085070319970448,14.036886330445608,3.321682708388318,0.6352057071520343,0.6023999869506587,0.5847078622629414
pipeline_301,"(25, 11, 0.5, 0.8, 1.0)",25,11,0.5,0.8,1.0,11.096227145195009,14.036886330445608,3.321682708388318,0.6352057071520343,0.6023999869506587,0.5847078622629414
pipeline_302,"(25, 11, 0.5, 0.9, 1.0)",25,11,0.5,0.9,1.0,11.090080988407134,14.036886330445608,3.321682708388318,0.6352057071520343,0.6023999869506587,0.5847078622629414
pipeline_303,"(25, 11, 0.5, 1.0, 1.0)",25,11,0.5,1.0,1.0,11.095862483978271,14.036886330445608,3.321682708388318,0.6352057071520343,0.6023999869506587,0.5847078622629414
pipeline_304,"(25, 18, 0.1, 0.8, 0.25)",25,18,0.1,0.8,0.25,93.14644459883372,14.036886330445608,3.2984414912646933,0.6362436066635527,0.6017834295520728,0.5511026064752406
pipeline_305,"(25, 18, 0.1, 0.9, 0.25)",25,18,0.1,0.9,0.25,93.06244804064433,14.036886330445608,3.309736398181574,0.6363282522130298,0.6017575392689226,0.5521680400483234
pipeline_306,"(25, 18, 0.1, 1.0, 0.25)",25,18,0.1,1.0,0.25,93.45152201652527,14.036886330445608,3.3056239576445066,0.6356204273269073,0.6013305510473923,0.5440128533731793
pipeline_307,"(25, 18, 0.3, 0.8, 0.25)",25,18,0.3,0.8,0.25,93.0607810775439,14.036886330445608,3.3038048633685584,0.6360634767843261,0.601873255859374,0.5441781918261432
pipeline_308,"(25, 18, 0.3, 0.9, 0.25)",25,18,0.3,0.9,0.25,93.15297378698985,14.036886330445608,3.3038048633685584,0.6360634767843261,0.601873255859374,0.5441781918261432
pipeline_309,"(25, 18, 0.3, 1.0, 0.25)",25,18,0.3,1.0,0.25,93.07451386054358,14.036886330445608,3.3038048633685584,0.6360634767843261,0.601873255859374,0.5441781918261432
pipeline_310,"(25, 18, 0.5, 0.8, 0.25)",25,18,0.5,0.8,0.25,92.8908267736435,14.036886330445608,3.3038048633685584,0.6360634767843261,0.601873255859374,0.5441781918261432
pipeline_311,"(25, 18, 0.5, 0.9, 0.25)",25,18,0.5,0.9,0.25,92.94038352966308,14.036886330445608,3.3038048633685584,0.6360634767843261,0.601873255859374,0.5441781918261432
pipeline_312,"(25, 18, 0.5, 1.0, 0.25)",25,18,0.5,1.0,0.25,93.14374150832494,14.036886330445608,3.3038048633685584,0.6360634767843261,0.601873255859374,0.5441781918261432
pipeline_313,"(25, 18, 0.1, 0.8, 0.5)",25,18,0.1,0.8,0.5,31.600929621855418,14.036886330445608,3.3006788975647368,0.6359336764739225,0.6016511365651205,0.5524840117049846
pipeline_314,"(25, 18, 0.1, 0.9, 0.5)",25,18,0.1,0.9,0.5,31.57502683401108,14.036886330445608,3.3006788975647368,0.6359336764739225,0.6016511365651205,0.5524840117049846
pipeline_315,"(25, 18, 0.1, 1.0, 0.5)",25,18,0.1,1.0,0.5,31.59163213968277,14.036886330445608,3.3006788975647368,0.6359336764739225,0.6016511365651205,0.5524840117049846
pipeline_316,"(25, 18, 0.3, 0.8, 0.5)",25,18,0.3,0.8,0.5,31.596754721800487,14.036886330445608,3.3006788975647368,0.6359336764739225,0.6016511365651205,0.5524840117049846
pipeline_317,"(25, 18, 0.3, 0.9, 0.5)",25,18,0.3,0.9,0.5,31.607384943962096,14.036886330445608,3.3006788975647368,0.6359336764739225,0.6016511365651205,0.5524840117049846
pipeline_318,"(25, 18, 0.3, 1.0, 0.5)",25,18,0.3,1.0,0.5,31.594627118110655,14.036886330445608,3.3006788975647368,0.6359336764739225,0.6016511365651205,0.5524840117049846
pipeline_319,"(25, 18, 0.5, 0.8, 0.5)",25,18,0.5,0.8,0.5,31.605152813593545,14.036886330445608,3.3006788975647368,0.6359336764739225,0.6016511365651205,0.5524840117049846
pipeline_320,"(25, 18, 0.5, 0.9, 0.5)",25,18,0.5,0.9,0.5,31.64084543387095,14.036886330445608,3.3006788975647368,0.6359336764739225,0.6016511365651205,0.5524840117049846
pipeline_321,"(25, 18, 0.5, 1.0, 0.5)",25,18,0.5,1.0,0.5,31.615617501735688,14.036886330445608,3.3006788975647368,0.6359336764739225,0.6016511365651205,0.5524840117049846
pipeline_322,"(25, 18, 0.1, 0.8, 0.75)",25,18,0.1,0.8,0.75,17.113607927163443,14.036886330445608,3.3087882047451824,0.6361275973532224,0.6024042838785719,0.5517906376066031
pipeline_323,"(25, 4, 0.1, 0.8, 0.25)",25,4,0.1,0.8,0.25,82.07774201234182,13.973805975914,3.3072214332422707,0.6367938733170468,0.6017095819097756,0.5585021644973468
pipeline_324,"(25, 4, 0.1, 0.9, 0.25)",25,4,0.1,0.9,0.25,82.00048101743063,13.973805975914,3.3072214332422707,0.6367938733170468,0.6017095819097756,0.5585021644973468
pipeline_325,"(25, 4, 0.1, 1.0, 0.25)",25,4,0.1,1.0,0.25,81.8813460667928,13.973805975914,3.3072214332422707,0.6367938733170468,0.6017095819097756,0.5585021644973468
pipeline_326,"(25, 4, 0.3, 0.8, 0.25)",25,4,0.3,0.8,0.25,82.0375194867452,13.973805975914,3.3072214332422707,0.6367938733170468,0.6017095819097756,0.5585021644973468
pipeline_327,"(25, 4, 0.3, 0.9, 0.25)",25,4,0.3,0.9,0.25,81.86141335566839,13.973805975914,3.3072214332422707,0.6367938733170468,0.6017095819097756,0.5585021644973468
pipeline_328,"(25, 4, 0.3, 1.0, 0.25)",25,4,0.3,1.0,0.25,81.88051847219467,13.973805975914,3.3072214332422707,0.6367938733170468,0.6017095819097756,0.5585021644973468
pipeline_329,"(25, 4, 0.5, 0.8, 0.25)",25,4,0.5,0.8,0.25,81.72918832302094,13.973805975914,3.3072214332422707,0.6367938733170468,0.6017095819097756,0.5585021644973468
pipeline_330,"(25, 4, 0.5, 0.9, 0.25)",25,4,0.5,0.9,0.25,82.43751028776168,13.973805975914,3.3072214332422707,0.6367938733170468,0.6017095819097756,0.5585021644973468
pipeline_331,"(25, 4, 0.5, 1.0, 0.25)",25,4,0.5,1.0,0.25,82.12950872977575,13.973805975914,3.3072214332422707,0.6367938733170468,0.6017095819097756,0.5585021644973468
pipeline_332,"(25, 4, 0.1, 0.8, 0.5)",25,4,0.1,0.8,0.5,28.05772130489349,13.973805975914,3.307996154401744,0.6371874790616667,0.6021285381939853,0.5640067526816506
pipeline_333,"(25, 4, 0.1, 0.9, 0.5)",25,4,0.1,0.9,0.5,27.989822510878245,13.973805975914,3.307996154401744,0.6371874790616667,0.6021285381939853,0.5640067526816506
pipeline_334,"(25, 4, 0.1, 1.0, 0.5)",25,4,0.1,1.0,0.5,28.00179957151413,13.973805975914,3.307996154401744,0.6371874790616667,0.6021285381939853,0.5640067526816506
pipeline_335,"(25, 4, 0.3, 0.8, 0.5)",25,4,0.3,0.8,0.5,28.01640720367432,13.973805975914,3.307996154401744,0.6371874790616667,0.6021285381939853,0.5640067526816506
pipeline_336,"(25, 4, 0.3, 0.9, 0.5)",25,4,0.3,0.9,0.5,28.01183167298635,13.973805975914,3.307996154401744,0.6371874790616667,0.6021285381939853,0.5640067526816506
pipeline_337,"(25, 4, 0.3, 1.0, 0.5)",25,4,0.3,1.0,0.5,28.099353341261544,13.973805975914,3.307996154401744,0.6371874790616667,0.6021285381939853,0.5640067526816506
pipeline_338,"(25, 4, 0.5, 0.8, 0.5)",25,4,0.5,0.8,0.5,27.99570055802663,13.973805975914,3.307996154401744,0.6371874790616667,0.6021285381939853,0.5640067526816506
pipeline_339,"(25, 4, 0.5, 0.9, 0.5)",25,4,0.5,0.9,0.5,28.034495357672373,13.973805975914,3.307996154401744,0.6371874790616667,0.6021285381939853,0.5640067526816506
pipeline_340,"(25, 4, 0.5, 1.0, 0.5)",25,4,0.5,1.0,0.5,28.05189020633697,13.973805975914,3.307996154401744,0.6371874790616667,0.6021285381939853,0.5640067526816506
pipeline_341,"(25, 4, 0.1, 0.8, 0.75)",25,4,0.1,0.8,0.75,15.430496867497762,13.973805975914,3.3188413974499724,0.6366070458031232,0.6020257793200667,0.5736930663963047
pipeline_342,"(25, 4, 0.1, 0.9, 0.75)",25,4,0.1,0.9,0.75,15.421160888671874,13.973805975914,3.3188413974499724,0.6366070458031232,0.6020257793200667,0.5736930663963047
pipeline_343,"(25, 4, 0.1, 1.0, 0.75)",25,4,0.1,1.0,0.75,15.430133763949076,13.973805975914,3.3188413974499724,0.6366070458031232,0.6020257793200667,0.5736930663963047
pipeline_344,"(25, 4, 0.3, 0.8, 0.75)",25,4,0.3,0.8,0.75,15.43873288234075,13.973805975914,3.3188413974499724,0.6366070458031232,0.6020257793200667,0.5736930663963047
pipeline_345,"(25, 4, 0.3, 0.9, 0.75)",25,4,0.3,0.9,0.75,15.438439118862153,13.973805975914,3.3188413974499724,0.6366070458031232,0.6020257793200667,0.5736930663963047
pipeline_346,"(25, 4, 0.3, 1.0, 0.75)",25,4,0.3,1.0,0.75,15.43327178557714,13.973805975914,3.3188413974499724,0.6366070458031232,0.6020257793200667,0.5736930663963047
pipeline_347,"(25, 4, 0.5, 0.8, 0.75)",25,4,0.5,0.8,0.75,15.435246654351552,13.973805975914,3.3188413974499724,0.6366070458031232,0.6020257793200667,0.5736930663963047
pipeline_348,"(25, 4, 0.5, 0.9, 0.75)",25,4,0.5,0.9,0.75,15.430311067899067,13.973805975914,3.3188413974499724,0.6366070458031232,0.6020257793200667,0.5736930663963047
pipeline_349,"(25, 4, 0.5, 1.0, 0.75)",25,4,0.5,1.0,0.75,15.518964838981628,13.973805975914,3.3188413974499724,0.6366070458031232,0.6020257793200667,0.5736930663963047
pipeline_350,"(25, 4, 0.1, 0.8, 1.0)",25,4,0.1,0.8,1.0,10.461187263329824,13.973805975914,3.349111576086658,0.6359151814695304,0.6022749034198546,0.6089403579022687
pipeline_351,"(25, 4, 0.1, 0.9, 1.0)",25,4,0.1,0.9,1.0,10.459469000498451,13.973805975914,3.349111576086658,0.6359151814695304,0.6022749034198546,0.6089403579022687
pipeline_352,"(25, 4, 0.1, 1.0, 1.0)",25,4,0.1,1.0,1.0,10.476916726430256,13.973805975914,3.349111576086658,0.6359151814695304,0.6022749034198546,0.6089403579022687
pipeline_353,"(25, 4, 0.3, 0.8, 1.0)",25,4,0.3,0.8,1.0,10.477054603894551,13.973805975914,3.349111576086658,0.6359151814695304,0.6022749034198546,0.6089403579022687
pipeline_354,"(25, 4, 0.3, 0.9, 1.0)",25,4,0.3,0.9,1.0,10.464399572213493,13.973805975914,3.349111576086658,0.6359151814695304,0.6022749034198546,0.6089403579022687
pipeline_355,"(25, 4, 0.3, 1.0, 1.0)",25,4,0.3,1.0,1.0,10.548988409837088,13.973805975914,3.349111576086658,0.6359151814695304,0.6022749034198546,0.6089403579022687
pipeline_356,"(25, 4, 0.5, 0.8, 1.0)",25,4,0.5,0.8,1.0,10.512075261274974,13.973805975914,3.349111576086658,0.6359151814695304,0.6022749034198546,0.6089403579022687
pipeline_357,"(25, 4, 0.5, 0.9, 1.0)",25,4,0.5,0.9,1.0,10.451321717103324,13.973805975914,3.349111576086658,0.6359151814695304,0.6022749034198546,0.6089403579022687
pipeline_358,"(25, 4, 0.5, 1.0, 1.0)",25,4,0.5,1.0,1.0,10.45168968041738,13.973805975914,3.349111576086658,0.6359151814695304,0.6022749034198546,0.6089403579022687
pipeline_359,"(25, 11, 0.1, 0.8, 0.25)",25,11,0.1,0.8,0.25,86.86928724050522,13.973805975914,3.287516541134142,0.6363947269251464,0.601344367104514,0.5403851916983472
pipeline_360,"(25, 11, 0.1, 0.9, 0.25)",25,11,0.1,0.9,0.25,87.45029155015945,13.973805975914,3.282725510943772,0.6367135940065106,0.6013905853442343,0.5376484280254336
pipeline_361,"(25, 11, 0.1, 1.0, 0.25)",25,11,0.1,1.0,0.25,87.50801473061243,13.973805975914,3.282725510943772,0.6367135940065106,0.6013905853442343,0.5376484280254336
pipeline_362,"(25, 11, 0.3, 0.8, 0.25)",25,11,0.3,0.8,0.25,87.71368111769358,13.973805975914,3.282725510943772,0.6367135940065106,0.6013905853442343,0.5376484280254336
pipeline_363,"(25, 11, 0.3, 0.9, 0.25)",25,11,0.3,0.9,0.25,87.64272394975026,13.973805975914,3.282725510943772,0.6367135940065106,0.6013905853442343,0.5376484280254336
pipeline_364,"(25, 11, 0.3, 1.0, 0.25)",25,11,0.3,1.0,0.25,87.83565982580186,13.973805975914,3.282725510943772,0.6367135940065106,0.6013905853442343,0.5376484280254336
pipeline_365,"(25, 11, 0.5, 0.8, 0.25)",25,11,0.5,0.8,0.25,87.31869260470073,13.973805975914,3.282725510943772,0.6367135940065106,0.6013905853442343,0.5376484280254336
pipeline_366,"(25, 11, 0.5, 0.9, 0.25)",25,11,0.5,0.9,0.25,87.34237177371979,13.973805975914,3.282725510943772,0.6367135940065106,0.6013905853442343,0.5376484280254336
pipeline_367,"(25, 11, 0.5, 1.0, 0.25)",25,11,0.5,1.0,0.25,87.43555703560511,13.973805975914,3.282725510943772,0.6367135940065106,0.6013905853442343,0.5376484280254336
pipeline_368,"(5, 4, 0.1, 0.8, 0.25)",5,4,0.1,0.8,0.25,50.42816133101781,5.63257874250412,3.818212281864565,0.6301127697392976,0.585967897132632,0.5941259180046373
pipeline_369,"(5, 4, 0.1, 0.9, 0.25)",5,4,0.1,0.9,0.25,50.56559946537018,5.63257874250412,3.818212281864565,0.6301127697392976,0.585967897132632,0.5941259180046373
pipeline_370,"(5, 4, 0.1, 1.0, 0.25)",5,4,0.1,1.0,0.25,88.25791645447413,5.63257874250412,3.818212281864565,0.6301127697392976,0.585967897132632,0.5941259180046373
pipeline_371,"(5, 4, 0.3, 0.8, 0.25)",5,4,0.3,0.8,0.25,52.0646595398585,5.63257874250412,3.818212281864565,0.6301127697392976,0.585967897132632,0.5941259180046373
pipeline_372,"(5, 4, 0.3, 0.9, 0.25)",5,4,0.3,0.9,0.25,51.94785779714584,5.63257874250412,3.818212281864565,0.6301127697392976,0.585967897132632,0.5941259180046373
pipeline_373,"(5, 4, 0.3, 1.0, 0.25)",5,4,0.3,1.0,0.25,104.60521040360132,5.63257874250412,3.818212281864565,0.6301127697392976,0.585967897132632,0.5941259180046373
pipeline_374,"(5, 4, 0.5, 0.8, 0.25)",5,4,0.5,0.8,0.25,52.01280105908712,5.63257874250412,3.818212281864565,0.6301127697392976,0.585967897132632,0.5941259180046373
pipeline_375,"(5, 4, 0.5, 0.9, 0.25)",5,4,0.5,0.9,0.25,51.375313913822175,5.63257874250412,3.818212281864565,0.6301127697392976,0.585967897132632,0.5941259180046373
pipeline_376,"(5, 4, 0.5, 1.0, 0.25)",5,4,0.5,1.0,0.25,51.31742593447368,5.63257874250412,3.818212281864565,0.6301127697392976,0.585967897132632,0.5941259180046373
pipeline_377,"(5, 4, 0.1, 0.8, 0.5)",5,4,0.1,0.8,0.5,17.06461846033732,5.63257874250412,3.8162978863315535,0.6305566726757258,0.5863068487594435,0.5871973244470905
pipeline_378,"(5, 4, 0.1, 0.9, 0.5)",5,4,0.1,0.9,0.5,17.07042731444041,5.63257874250412,3.8162978863315535,0.6305566726757258,0.5863068487594435,0.5871973244470905
pipeline_379,"(5, 4, 0.1, 1.0, 0.5)",5,4,0.1,1.0,0.5,17.034151057402294,5.63257874250412,3.8162978863315535,0.6305566726757258,0.5863068487594435,0.5871973244470905
pipeline_380,"(5, 4, 0.3, 0.8, 0.5)",5,4,0.3,0.8,0.5,17.057283385594687,5.63257874250412,3.8162978863315535,0.6305566726757258,0.5863068487594435,0.5871973244470905
pipeline_381,"(5, 4, 0.3, 0.9, 0.5)",5,4,0.3,0.9,0.5,17.034838593006135,5.63257874250412,3.8162978863315535,0.6305566726757258,0.5863068487594435,0.5871973244470905
pipeline_382,"(5, 4, 0.3, 1.0, 0.5)",5,4,0.3,1.0,0.5,17.208146580060323,5.63257874250412,3.8162978863315535,0.6305566726757258,0.5863068487594435,0.5871973244470905
pipeline_383,"(5, 4, 0.5, 0.8, 0.5)",5,4,0.5,0.8,0.5,17.15165504614512,5.63257874250412,3.8162978863315535,0.6305566726757258,0.5863068487594435,0.5871973244470905
pipeline_384,"(5, 4, 0.5, 0.9, 0.5)",5,4,0.5,0.9,0.5,17.147529983520506,5.63257874250412,3.8162978863315535,0.6305566726757258,0.5863068487594435,0.5871973244470905
pipeline_385,"(5, 4, 0.5, 1.0, 0.5)",5,4,0.5,1.0,0.5,17.107729236284893,5.63257874250412,3.8162978863315535,0.6305566726757258,0.5863068487594435,0.5871973244470905
pipeline_386,"(5, 4, 0.1, 0.8, 0.75)",5,4,0.1,0.8,0.75,9.227856914202372,5.63257874250412,3.832423691133611,0.6302907534819607,0.5853638778850709,0.5443534184786516
pipeline_387,"(5, 4, 0.1, 0.9, 0.75)",5,4,0.1,0.9,0.75,9.222952942053476,5.63257874250412,3.832423691133611,0.6302907534819607,0.5853638778850709,0.5443534184786516
pipeline_388,"(5, 4, 0.1, 1.0, 0.75)",5,4,0.1,1.0,0.75,9.233786380290985,5.63257874250412,3.832423691133611,0.6302907534819607,0.5853638778850709,0.5443534184786516
pipeline_389,"(5, 4, 0.3, 0.8, 0.75)",5,4,0.3,0.8,0.75,9.23005509376526,5.63257874250412,3.832423691133611,0.6302907534819607,0.5853638778850709,0.5443534184786516
pipeline_390,"(5, 4, 0.3, 0.9, 0.75)",5,4,0.3,0.9,0.75,9.197427582740785,5.63257874250412,3.832423691133611,0.6302907534819607,0.5853638778850709,0.5443534184786516
pipeline_391,"(5, 4, 0.3, 1.0, 0.75)",5,4,0.3,1.0,0.75,9.215572988986969,5.63257874250412,3.832423691133611,0.6302907534819607,0.5853638778850709,0.5443534184786516
pipeline_392,"(5, 4, 0.5, 0.8, 0.75)",5,4,0.5,0.8,0.75,9.215910840034486,5.63257874250412,3.832423691133611,0.6302907534819607,0.5853638778850709,0.5443534184786516
pipeline_393,"(5, 4, 0.5, 0.9, 0.75)",5,4,0.5,0.9,0.75,9.206073176860809,5.63257874250412,3.832423691133611,0.6302907534819607,0.5853638778850709,0.5443534184786516
pipeline_394,"(5, 4, 0.5, 1.0, 0.75)",5,4,0.5,1.0,0.75,9.250926844278972,5.63257874250412,3.832423691133611,0.6302907534819607,0.5853638778850709,0.5443534184786516
pipeline_395,"(5, 4, 0.1, 0.8, 1.0)",5,4,0.1,0.8,1.0,6.147007576624552,5.63257874250412,3.8471985301531006,0.6303855898954152,0.5865721903133807,0.524958888033847
pipeline_396,"(5, 4, 0.1, 0.9, 1.0)",5,4,0.1,0.9,1.0,6.151957241694133,5.63257874250412,3.8471985301531006,0.6303855898954152,0.5865721903133807,0.524958888033847
pipeline_397,"(5, 4, 0.1, 1.0, 1.0)",5,4,0.1,1.0,1.0,6.128422379493713,5.63257874250412,3.8471985301531006,0.6303855898954152,0.5865721903133807,0.524958888033847
pipeline_398,"(5, 4, 0.3, 0.8, 1.0)",5,4,0.3,0.8,1.0,6.1522588650385535,5.63257874250412,3.8471985301531006,0.6303855898954152,0.5865721903133807,0.524958888033847
pipeline_399,"(5, 4, 0.3, 0.9, 1.0)",5,4,0.3,0.9,1.0,6.129374396800995,5.63257874250412,3.8471985301531006,0.6303855898954152,0.5865721903133807,0.524958888033847
pipeline_400,"(5, 4, 0.3, 1.0, 1.0)",5,4,0.3,1.0,1.0,6.148113306363424,5.63257874250412,3.8471985301531006,0.6303855898954152,0.5865721903133807,0.524958888033847
pipeline_401,"(5, 4, 0.5, 0.8, 1.0)",5,4,0.5,0.8,1.0,6.147693435351054,5.63257874250412,3.8471985301531006,0.6303855898954152,0.5865721903133807,0.524958888033847
pipeline_402,"(5, 4, 0.5, 0.9, 1.0)",5,4,0.5,0.9,1.0,6.153339616457621,5.63257874250412,3.8471985301531006,0.6303855898954152,0.5865721903133807,0.524958888033847
pipeline_403,"(5, 4, 0.5, 1.0, 1.0)",5,4,0.5,1.0,1.0,6.164521547158559,5.63257874250412,3.8471985301531006,0.6303855898954152,0.5865721903133807,0.524958888033847
pipeline_404,"(5, 11, 0.1, 0.8, 0.25)",5,11,0.1,0.8,0.25,54.09468677441279,5.63257874250412,3.7937107588080448,0.6307448883907312,0.5871956214321425,0.6023230231939629
pipeline_405,"(5, 11, 0.1, 0.9, 0.25)",5,11,0.1,0.9,0.25,54.16771580775579,5.63257874250412,3.7977182126623754,0.6307996269152671,0.5864308690742828,0.6086780943140857
pipeline_406,"(5, 11, 0.1, 1.0, 0.25)",5,11,0.1,1.0,0.25,53.9426628112793,5.63257874250412,3.7977182126623754,0.6307996269152671,0.5864308690742828,0.6086780943140857
pipeline_407,"(5, 11, 0.3, 0.8, 0.25)",5,11,0.3,0.8,0.25,54.10200972954432,5.63257874250412,3.7977182126623754,0.6307996269152671,0.5864308690742828,0.6086780943140857
pipeline_408,"(5, 11, 0.3, 0.9, 0.25)",5,11,0.3,0.9,0.25,54.12082807223002,5.63257874250412,3.7977182126623754,0.6307996269152671,0.5864308690742828,0.6086780943140857
pipeline_409,"(5, 11, 0.3, 1.0, 0.25)",5,11,0.3,1.0,0.25,54.24600385824839,5.63257874250412,3.7977182126623754,0.6307996269152671,0.5864308690742828,0.6086780943140857
pipeline_410,"(5, 11, 0.5, 0.8, 0.25)",5,11,0.5,0.8,0.25,54.1218020995458,5.63257874250412,3.7977182126623754,0.6307996269152671,0.5864308690742828,0.6086780943140857
pipeline_411,"(5, 11, 0.5, 0.9, 0.25)",5,11,0.5,0.9,0.25,54.43227505286534,5.63257874250412,3.7977182126623754,0.6307996269152671,0.5864308690742828,0.6086780943140857
pipeline_412,"(5, 11, 0.5, 1.0, 0.25)",5,11,0.5,1.0,0.25,54.136687179406486,5.63257874250412,3.7977182126623754,0.6307996269152671,0.5864308690742828,0.6086780943140857
pipeline_413,"(5, 11, 0.1, 0.8, 0.5)",5,11,0.1,0.8,0.5,18.09289804697037,5.63257874250412,3.7978886849587017,0.6302480757715819,0.5870830943693015,0.5848207777886807
pipeline_414,"(5, 11, 0.1, 0.9, 0.5)",5,11,0.1,0.9,0.5,17.97689496676127,5.63257874250412,3.7978886849587017,0.6302480757715819,0.5870830943693015,0.5848207777886807
pipeline_415,"(5, 11, 0.1, 1.0, 0.5)",5,11,0.1,1.0,0.5,17.99330486456553,5.63257874250412,3.7978886849587017,0.6302480757715819,0.5870830943693015,0.5848207777886807
pipeline_416,"(5, 11, 0.3, 0.8, 0.5)",5,11,0.3,0.8,0.5,17.98002859354019,5.63257874250412,3.7978886849587017,0.6302480757715819,0.5870830943693015,0.5848207777886807
pipeline_417,"(5, 11, 0.3, 0.9, 0.5)",5,11,0.3,0.9,0.5,17.947804681460063,5.63257874250412,3.7978886849587017,0.6302480757715819,0.5870830943693015,0.5848207777886807
pipeline_418,"(5, 11, 0.3, 1.0, 0.5)",5,11,0.3,1.0,0.5,18.001913559436797,5.63257874250412,3.7978886849587017,0.6302480757715819,0.5870830943693015,0.5848207777886807
pipeline_419,"(5, 11, 0.5, 0.8, 0.5)",5,11,0.5,0.8,0.5,17.995810468991596,5.63257874250412,3.7978886849587017,0.6302480757715819,0.5870830943693015,0.5848207777886807
pipeline_420,"(5, 11, 0.5, 0.9, 0.5)",5,11,0.5,0.9,0.5,18.01665949026744,5.63257874250412,3.7978886849587017,0.6302480757715819,0.5870830943693015,0.5848207777886807
pipeline_421,"(5, 11, 0.5, 1.0, 0.5)",5,11,0.5,1.0,0.5,18.030906689167026,5.63257874250412,3.7978886849587017,0.6302480757715819,0.5870830943693015,0.5848207777886807
pipeline_422,"(5, 11, 0.1, 0.8, 0.75)",5,11,0.1,0.8,0.75,9.59606719414393,5.63257874250412,3.807840342453778,0.630366762076195,0.5890424113521571,0.5591978908125881
pipeline_423,"(5, 11, 0.1, 0.9, 0.75)",5,11,0.1,0.9,0.75,9.60174100001653,5.63257874250412,3.807840342453778,0.630366762076195,0.5890424113521571,0.5591978908125881
pipeline_424,"(5, 11, 0.1, 1.0, 0.75)",5,11,0.1,1.0,0.75,9.613477818171184,5.63257874250412,3.807840342453778,0.630366762076195,0.5890424113521571,0.5591978908125881
pipeline_425,"(5, 11, 0.3, 0.8, 0.75)",5,11,0.3,0.8,0.75,9.649182438850405,5.63257874250412,3.807840342453778,0.630366762076195,0.5890424113521571,0.5591978908125881
pipeline_426,"(5, 11, 0.3, 0.9, 0.75)",5,11,0.3,0.9,0.75,9.641531829039256,5.63257874250412,3.807840342453778,0.630366762076195,0.5890424113521571,0.5591978908125881
pipeline_427,"(5, 11, 0.3, 1.0, 0.75)",5,11,0.3,1.0,0.75,9.607303543885548,5.63257874250412,3.807840342453778,0.630366762076195,0.5890424113521571,0.5591978908125881
pipeline_428,"(5, 25, 0.1, 0.8, 1.0)",5,25,0.1,0.8,1.0,6.70362640619278,5.623856429258982,3.8553311920360502,0.6299655149382175,0.5885181559026973,0.5362678335043324
pipeline_429,"(5, 25, 0.1, 0.9, 1.0)",5,25,0.1,0.9,1.0,6.710869606335958,5.623856429258982,3.853107537251024,0.629849381947689,0.5872808816285076,0.5374963117102378
pipeline_430,"(5, 25, 0.1, 1.0, 1.0)",5,25,0.1,1.0,1.0,6.695706415176391,5.623856429258982,3.853107537251024,0.629849381947689,0.5872808816285076,0.5374963117102378
pipeline_431,"(5, 25, 0.3, 0.8, 1.0)",5,25,0.3,0.8,1.0,6.706991958618164,5.623856429258982,3.853107537251024,0.629849381947689,0.5872808816285076,0.5374963117102378
pipeline_432,"(5, 25, 0.3, 0.9, 1.0)",5,25,0.3,0.9,1.0,6.697791274388631,5.623856429258982,3.853107537251024,0.629849381947689,0.5872808816285076,0.5374963117102378
pipeline_433,"(5, 25, 0.3, 1.0, 1.0)",5,25,0.3,1.0,1.0,6.70043922662735,5.623856429258982,3.853107537251024,0.629849381947689,0.5872808816285076,0.5374963117102378
pipeline_434,"(5, 25, 0.5, 0.8, 1.0)",5,25,0.5,0.8,1.0,6.709610390663147,5.623856429258982,3.853107537251024,0.629849381947689,0.5872808816285076,0.5374963117102378
pipeline_435,"(5, 25, 0.5, 0.9, 1.0)",5,25,0.5,0.9,1.0,6.707263497511546,5.623856429258982,3.853107537251024,0.629849381947689,0.5872808816285076,0.5374963117102378
pipeline_436,"(5, 25, 0.5, 1.0, 1.0)",5,25,0.5,1.0,1.0,6.700836626688639,5.623856429258982,3.853107537251024,0.629849381947689,0.5872808816285076,0.5374963117102378
pipeline_437,"(5, 32, 0.1, 0.8, 0.25)",5,32,0.1,0.8,0.25,58.689906505743664,5.623856429258982,3.816080423694059,0.6296728902632173,0.5862876103905866,0.5813606398735696
pipeline_438,"(5, 32, 0.1, 0.9, 0.25)",5,32,0.1,0.9,0.25,58.72735570669174,5.623856429258982,3.816080423694059,0.6296728902632173,0.5862876103905866,0.5813606398735696
pipeline_439,"(5, 32, 0.1, 1.0, 0.25)",5,32,0.1,1.0,0.25,58.79856274525324,5.623856429258982,3.816080423694059,0.6296728902632173,0.5862876103905866,0.5813606398735696
pipeline_440,"(5, 32, 0.3, 0.8, 0.25)",5,32,0.3,0.8,0.25,58.70840028524399,5.623856429258982,3.816080423694059,0.6296728902632173,0.5862876103905866,0.5813606398735696
pipeline_441,"(5, 32, 0.3, 0.9, 0.25)",5,32,0.3,0.9,0.25,58.76216668287913,5.623856429258982,3.816080423694059,0.6296728902632173,0.5862876103905866,0.5813606398735696
pipeline_442,"(5, 32, 0.3, 1.0, 0.25)",5,32,0.3,1.0,0.25,58.7833523551623,5.623856429258982,3.816080423694059,0.6296728902632173,0.5862876103905866,0.5813606398735696
pipeline_443,"(5, 32, 0.5, 0.8, 0.25)",5,32,0.5,0.8,0.25,58.70747451782226,5.623856429258982,3.816080423694059,0.6296728902632173,0.5862876103905866,0.5813606398735696
pipeline_444,"(5, 32, 0.5, 0.9, 0.25)",5,32,0.5,0.9,0.25,58.75145089228948,5.623856429258982,3.816080423694059,0.6296728902632173,0.5862876103905866,0.5813606398735696
pipeline_445,"(5, 32, 0.5, 1.0, 0.25)",5,32,0.5,1.0,0.25,58.73199321031571,5.623856429258982,3.816080423694059,0.6296728902632173,0.5862876103905866,0.5813606398735696
pipeline_446,"(5, 32, 0.1, 0.8, 0.5)",5,32,0.1,0.8,0.5,19.185669779777527,5.623856429258982,3.82831782781758,0.6302293756431322,0.586004362579787,0.573603862797604
pipeline_447,"(5, 32, 0.1, 0.9, 0.5)",5,32,0.1,0.9,0.5,19.183862853050236,5.623856429258982,3.82831782781758,0.6302293756431322,0.586004362579787,0.573603862797604
pipeline_448,"(5, 32, 0.1, 1.0, 0.5)",5,32,0.1,1.0,0.5,19.20543565750122,5.623856429258982,3.82831782781758,0.6302293756431322,0.586004362579787,0.573603862797604
pipeline_449,"(5, 32, 0.3, 0.8, 0.5)",5,32,0.3,0.8,0.5,19.242160439491272,5.623856429258982,3.82831782781758,0.6302293756431322,0.586004362579787,0.573603862797604
pipeline_450,"(5, 32, 0.3, 0.9, 0.5)",5,32,0.3,0.9,0.5,19.095517806212108,5.623856429258982,3.82831782781758,0.6302293756431322,0.586004362579787,0.573603862797604
pipeline_451,"(5, 32, 0.3, 1.0, 0.5)",5,32,0.3,1.0,0.5,19.09332508643468,5.623856429258982,3.82831782781758,0.6302293756431322,0.586004362579787,0.573603862797604
pipeline_452,"(5, 32, 0.5, 0.8, 0.5)",5,32,0.5,0.8,0.5,19.07534597317378,5.623856429258982,3.82831782781758,0.6302293756431322,0.586004362579787,0.573603862797604
pipeline_453,"(5, 32, 0.5, 0.9, 0.5)",5,32,0.5,0.9,0.5,19.14050654967626,5.623856429258982,3.82831782781758,0.6302293756431322,0.586004362579787,0.573603862797604
pipeline_454,"(5, 32, 0.5, 1.0, 0.5)",5,32,0.5,1.0,0.5,19.128550958633426,5.623856429258982,3.82831782781758,0.6302293756431322,0.586004362579787,0.573603862797604
pipeline_455,"(5, 32, 0.1, 0.8, 0.75)",5,32,0.1,0.8,0.75,10.177207275231678,5.623856429258982,3.833588787662263,0.629756777167007,0.5874629001542357,0.5509217960009525
pipeline_456,"(5, 32, 0.1, 0.9, 0.75)",5,32,0.1,0.9,0.75,10.170722631613414,5.623856429258982,3.833588787662263,0.629756777167007,0.5874629001542357,0.5509217960009525
pipeline_457,"(5, 32, 0.1, 1.0, 0.75)",5,32,0.1,1.0,0.75,10.17773243188858,5.623856429258982,3.833588787662263,0.629756777167007,0.5874629001542357,0.5509217960009525
pipeline_458,"(5, 32, 0.3, 0.8, 0.75)",5,32,0.3,0.8,0.75,10.17196452220281,5.623856429258982,3.833588787662263,0.629756777167007,0.5874629001542357,0.5509217960009525
pipeline_459,"(5, 32, 0.3, 0.9, 0.75)",5,32,0.3,0.9,0.75,10.143813117345172,5.623856429258982,3.833588787662263,0.629756777167007,0.5874629001542357,0.5509217960009525
pipeline_460,"(5, 32, 0.3, 1.0, 0.75)",5,32,0.3,1.0,0.75,10.144560106595357,5.623856429258982,3.833588787662263,0.629756777167007,0.5874629001542357,0.5509217960009525
pipeline_461,"(5, 32, 0.5, 0.8, 0.75)",5,32,0.5,0.8,0.75,10.150494368871051,5.623856429258982,3.833588787662263,0.629756777167007,0.5874629001542357,0.5509217960009525
pipeline_462,"(5, 32, 0.5, 0.9, 0.75)",5,32,0.5,0.9,0.75,10.164714296658834,5.623856429258982,3.833588787662263,0.629756777167007,0.5874629001542357,0.5509217960009525
pipeline_463,"(5, 32, 0.5, 1.0, 0.75)",5,32,0.5,1.0,0.75,10.203646735350292,5.623856429258982,3.833588787662263,0.629756777167007,0.5874629001542357,0.5509217960009525
pipeline_464,"(5, 32, 0.1, 0.8, 1.0)",5,32,0.1,0.8,1.0,6.704434474309285,5.623856429258982,3.8701487418513834,0.6296263780489293,0.5859390401681054,0.5278002301022718
pipeline_465,"(5, 32, 0.1, 0.9, 1.0)",5,32,0.1,0.9,1.0,6.705490847428639,5.623856429258982,3.8701487418513834,0.6296263780489293,0.5859390401681054,0.5278002301022718
pipeline_466,"(5, 32, 0.1, 1.0, 1.0)",5,32,0.1,1.0,1.0,6.686744423707326,5.623856429258982,3.8701487418513834,0.6296263780489293,0.5859390401681054,0.5278002301022718
pipeline_467,"(5, 32, 0.3, 0.8, 1.0)",5,32,0.3,0.8,1.0,6.696139852205913,5.623856429258982,3.8701487418513834,0.6296263780489293,0.5859390401681054,0.5278002301022718
pipeline_468,"(5, 32, 0.3, 0.9, 1.0)",5,32,0.3,0.9,1.0,6.7111014246940615,5.623856429258982,3.8701487418513834,0.6296263780489293,0.5859390401681054,0.5278002301022718
pipeline_469,"(5, 32, 0.3, 1.0, 1.0)",5,32,0.3,1.0,1.0,6.702869081497193,5.623856429258982,3.8701487418513834,0.6296263780489293,0.5859390401681054,0.5278002301022718
pipeline_470,"(5, 32, 0.5, 0.8, 1.0)",5,32,0.5,0.8,1.0,6.713318602244059,5.623856429258982,3.8701487418513834,0.6296263780489293,0.5859390401681054,0.5278002301022718
pipeline_471,"(5, 32, 0.5, 0.9, 1.0)",5,32,0.5,0.9,1.0,6.720809781551361,5.623856429258982,3.8701487418513834,0.6296263780489293,0.5859390401681054,0.5278002301022718
pipeline_472,"(5, 32, 0.5, 1.0, 1.0)",5,32,0.5,1.0,1.0,6.716262670358022,5.623856429258982,3.8701487418513834,0.6296263780489293,0.5859390401681054,0.5278002301022718
pipeline_473,"(5, 11, 0.5, 0.8, 0.75)",5,11,0.5,0.8,0.75,10.077179916699729,5.676406971613566,3.8047691159877424,0.6306038178919937,0.5890461519684891,0.5650227150747571
pipeline_474,"(5, 11, 0.5, 0.9, 0.75)",5,11,0.5,0.9,0.75,9.834884484608969,5.676406971613566,3.807840342453778,0.630366762076195,0.5890424113521571,0.5591978908125881
pipeline_475,"(5, 11, 0.5, 1.0, 0.75)",5,11,0.5,1.0,0.75,9.89749935468038,5.676406971613566,3.807840342453778,0.630366762076195,0.5890424113521571,0.5591978908125881
pipeline_476,"(5, 11, 0.1, 0.8, 1.0)",5,11,0.1,0.8,1.0,6.592741119861603,5.676406971613566,3.845750854246557,0.63043743901156,0.5881437805117419,0.5396077622505008
pipeline_477,"(5, 11, 0.1, 0.9, 1.0)",5,11,0.1,0.9,1.0,6.594480045636495,5.676406971613566,3.845750854246557,0.63043743901156,0.5881437805117419,0.5396077622505008
pipeline_478,"(5, 11, 0.1, 1.0, 1.0)",5,11,0.1,1.0,1.0,6.592141656080882,5.676406971613566,3.845750854246557,0.63043743901156,0.5881437805117419,0.5396077622505008
pipeline_479,"(5, 11, 0.3, 0.8, 1.0)",5,11,0.3,0.8,1.0,6.54743994474411,5.676406971613566,3.845750854246557,0.63043743901156,0.5881437805117419,0.5396077622505008
pipeline_480,"(5, 11, 0.3, 0.9, 1.0)",5,11,0.3,0.9,1.0,6.631719207763672,5.676406971613566,3.845750854246557,0.63043743901156,0.5881437805117419,0.5396077622505008
pipeline_481,"(5, 11, 0.3, 1.0, 1.0)",5,11,0.3,1.0,1.0,6.464157489935557,5.676406971613566,3.845750854246557,0.63043743901156,0.5881437805117419,0.5396077622505008
pipeline_482,"(5, 11, 0.5, 0.8, 1.0)",5,11,0.5,0.8,1.0,6.531114625930786,5.676406971613566,3.845750854246557,0.63043743901156,0.5881437805117419,0.5396077622505008
pipeline_483,"(5, 11, 0.5, 0.9, 1.0)",5,11,0.5,0.9,1.0,6.470584468046824,5.676406971613566,3.845750854246557,0.63043743901156,0.5881437805117419,0.5396077622505008
pipeline_484,"(5, 11, 0.5, 1.0, 1.0)",5,11,0.5,1.0,1.0,6.432227452596028,5.676406971613566,3.845750854246557,0.63043743901156,0.5881437805117419,0.5396077622505008
pipeline_485,"(5, 18, 0.1, 0.8, 0.25)",5,18,0.1,0.8,0.25,56.057205923398335,5.676406971613566,3.8031853859173097,0.629848131463808,0.5848981619225759,0.6117681632689169
pipeline_486,"(5, 18, 0.1, 0.9, 0.25)",5,18,0.1,0.9,0.25,56.61064727306366,5.676406971613566,3.80461274523379,0.6306937423780263,0.5861822616514294,0.6070788507253303
pipeline_487,"(5, 18, 0.1, 1.0, 0.25)",5,18,0.1,1.0,0.25,56.05058930714925,5.676406971613566,3.801121125428107,0.6302220158253649,0.5863783323581833,0.6025565761992456
pipeline_488,"(5, 18, 0.3, 0.8, 0.25)",5,18,0.3,0.8,0.25,56.145828107992806,5.676406971613566,3.8034581785576247,0.6305522153007092,0.586039287112403,0.6026032813864414
pipeline_489,"(5, 18, 0.3, 0.9, 0.25)",5,18,0.3,0.9,0.25,56.05001552899679,5.676406971613566,3.8034581785576247,0.6305522153007092,0.586039287112403,0.6026032813864414
pipeline_490,"(5, 18, 0.3, 1.0, 0.25)",5,18,0.3,1.0,0.25,56.04953245719274,5.676406971613566,3.8034581785576247,0.6305522153007092,0.586039287112403,0.6026032813864414
pipeline_491,"(5, 18, 0.5, 0.8, 0.25)",5,18,0.5,0.8,0.25,56.08072884877523,5.676406971613566,3.8034581785576247,0.6305522153007092,0.586039287112403,0.6026032813864414
pipeline_492,"(5, 18, 0.5, 0.9, 0.25)",5,18,0.5,0.9,0.25,56.12032645543416,5.676406971613566,3.8034581785576247,0.6305522153007092,0.586039287112403,0.6026032813864414
pipeline_493,"(5, 18, 0.5, 1.0, 0.25)",5,18,0.5,1.0,0.25,56.091839440663655,5.676406971613566,3.8034581785576247,0.6305522153007092,0.586039287112403,0.6026032813864414
pipeline_494,"(5, 18, 0.1, 0.8, 0.5)",5,18,0.1,0.8,0.5,18.527518689632416,5.676406971613566,3.802807134650744,0.6300517350341652,0.5864803069421674,0.5992748872633661
pipeline_495,"(5, 18, 0.1, 0.9, 0.5)",5,18,0.1,0.9,0.5,18.555269018809,5.676406971613566,3.802807134650744,0.6300517350341652,0.5864803069421674,0.5992748872633661
pipeline_496,"(5, 18, 0.1, 1.0, 0.5)",5,18,0.1,1.0,0.5,18.50565051237742,5.676406971613566,3.802807134650744,0.6300517350341652,0.5864803069421674,0.5992748872633661
pipeline_497,"(5, 18, 0.3, 0.8, 0.5)",5,18,0.3,0.8,0.5,18.475164786974588,5.676406971613566,3.802807134650744,0.6300517350341652,0.5864803069421674,0.5992748872633661
pipeline_498,"(5, 18, 0.3, 0.9, 0.5)",5,18,0.3,0.9,0.5,18.505761675039928,5.676406971613566,3.802807134650744,0.6300517350341652,0.5864803069421674,0.5992748872633661
pipeline_499,"(5, 18, 0.3, 1.0, 0.5)",5,18,0.3,1.0,0.5,18.48603118260701,5.676406971613566,3.802807134650744,0.6300517350341652,0.5864803069421674,0.5992748872633661
pipeline_500,"(5, 18, 0.5, 0.8, 0.5)",5,18,0.5,0.8,0.5,18.42763400475184,5.676406971613566,3.802807134650744,0.6300517350341652,0.5864803069421674,0.5992748872633661
pipeline_501,"(5, 18, 0.5, 0.9, 0.5)",5,18,0.5,0.9,0.5,18.507206654548646,5.676406971613566,3.802807134650744,0.6300517350341652,0.5864803069421674,0.5992748872633661
pipeline_502,"(5, 18, 0.5, 1.0, 0.5)",5,18,0.5,1.0,0.5,18.53619448343913,5.676406971613566,3.802807134650744,0.6300517350341652,0.5864803069421674,0.5992748872633661
pipeline_503,"(5, 18, 0.1, 0.8, 0.75)",5,18,0.1,0.8,0.75,9.848446853955586,5.676406971613566,3.8182154425583743,0.6304494863944778,0.5863607004903217,0.5659478952695649
pipeline_504,"(5, 18, 0.1, 0.9, 0.75)",5,18,0.1,0.9,0.75,9.869984710216524,5.676406971613566,3.8182154425583743,0.6304494863944778,0.5863607004903217,0.5659478952695649
pipeline_505,"(5, 18, 0.1, 1.0, 0.75)",5,18,0.1,1.0,0.75,9.872960623105367,5.676406971613566,3.8182154425583743,0.6304494863944778,0.5863607004903217,0.5659478952695649
pipeline_506,"(5, 18, 0.3, 0.8, 0.75)",5,18,0.3,0.8,0.75,9.848216919104258,5.676406971613566,3.8182154425583743,0.6304494863944778,0.5863607004903217,0.5659478952695649
pipeline_507,"(5, 18, 0.3, 0.9, 0.75)",5,18,0.3,0.9,0.75,9.852412231763203,5.676406971613566,3.8182154425583743,0.6304494863944778,0.5863607004903217,0.5659478952695649
pipeline_508,"(5, 18, 0.3, 1.0, 0.75)",5,18,0.3,1.0,0.75,9.852786986033122,5.676406971613566,3.8182154425583743,0.6304494863944778,0.5863607004903217,0.5659478952695649
pipeline_509,"(5, 18, 0.5, 0.8, 0.75)",5,18,0.5,0.8,0.75,9.847193030516308,5.676406971613566,3.8182154425583743,0.6304494863944778,0.5863607004903217,0.5659478952695649
pipeline_510,"(5, 18, 0.5, 0.9, 0.75)",5,18,0.5,0.9,0.75,9.862233571211496,5.676406971613566,3.8182154425583743,0.6304494863944778,0.5863607004903217,0.5659478952695649
pipeline_511,"(5, 18, 0.5, 1.0, 0.75)",5,18,0.5,1.0,0.75,9.872144722938538,5.676406971613566,3.8182154425583743,0.6304494863944778,0.5863607004903217,0.5659478952695649
pipeline_512,"(5, 18, 0.1, 0.8, 1.0)",5,18,0.1,0.8,1.0,6.541258462270101,5.676406971613566,3.847267737536278,0.6304243360126159,0.5868206248627437,0.5418593655901306
pipeline_513,"(5, 18, 0.1, 0.9, 1.0)",5,18,0.1,0.9,1.0,6.527867897351583,5.676406971613566,3.847267737536278,0.6304243360126159,0.5868206248627437,0.5418593655901306
pipeline_514,"(5, 18, 0.1, 1.0, 1.0)",5,18,0.1,1.0,1.0,6.527263208230337,5.676406971613566,3.847267737536278,0.6304243360126159,0.5868206248627437,0.5418593655901306
pipeline_515,"(5, 18, 0.3, 0.8, 1.0)",5,18,0.3,0.8,1.0,6.525275468826294,5.676406971613566,3.847267737536278,0.6304243360126159,0.5868206248627437,0.5418593655901306
pipeline_516,"(5, 18, 0.3, 0.9, 1.0)",5,18,0.3,0.9,1.0,6.531286513805389,5.676406971613566,3.847267737536278,0.6304243360126159,0.5868206248627437,0.5418593655901306
pipeline_517,"(5, 18, 0.3, 1.0, 1.0)",5,18,0.3,1.0,1.0,6.5420580267906185,5.676406971613566,3.847267737536278,0.6304243360126159,0.5868206248627437,0.5418593655901306
pipeline_518,"(5, 18, 0.5, 0.8, 1.0)",5,18,0.5,0.8,1.0,6.544096386432647,5.676406971613566,3.847267737536278,0.6304243360126159,0.5868206248627437,0.5418593655901306
pipeline_519,"(5, 18, 0.5, 0.9, 1.0)",5,18,0.5,0.9,1.0,6.527519885698954,5.676406971613566,3.847267737536278,0.6304243360126159,0.5868206248627437,0.5418593655901306
pipeline_520,"(5, 18, 0.5, 1.0, 1.0)",5,18,0.5,1.0,1.0,6.53081302245458,5.676406971613566,3.847267737536278,0.6304243360126159,0.5868206248627437,0.5418593655901306
pipeline_521,"(5, 25, 0.1, 0.8, 0.25)",5,25,0.1,0.8,0.25,57.057927997907,5.676406971613566,3.8112015964813857,0.6302013242180422,0.5861367875710888,0.5891174450988381
pipeline_522,"(5, 25, 0.1, 0.9, 0.25)",5,25,0.1,0.9,0.25,57.21746393442154,5.676406971613566,3.812447666695906,0.6300114462879642,0.5859786686318462,0.5924852985713486
pipeline_523,"(5, 25, 0.1, 1.0, 0.25)",5,25,0.1,1.0,0.25,57.2795450647672,5.676406971613566,3.812447666695906,0.6300114462879642,0.5859786686318462,0.5924852985713486
pipeline_524,"(5, 25, 0.3, 0.8, 0.25)",5,25,0.3,0.8,0.25,57.36197658777237,5.676406971613566,3.812447666695906,0.6300114462879642,0.5859786686318462,0.5924852985713486
pipeline_525,"(5, 25, 0.3, 0.9, 0.25)",5,25,0.3,0.9,0.25,57.487727121512094,5.676406971613566,3.812447666695906,0.6300114462879642,0.5859786686318462,0.5924852985713486
pipeline_526,"(5, 25, 0.3, 1.0, 0.25)",5,25,0.3,1.0,0.25,58.592795586586,5.676406971613566,3.812447666695906,0.6300114462879642,0.5859786686318462,0.5924852985713486
pipeline_527,"(5, 25, 0.5, 0.8, 0.25)",5,25,0.5,0.8,0.25,57.63223284085591,5.676406971613566,3.812447666695906,0.6300114462879642,0.5859786686318462,0.5924852985713486
pipeline_528,"(5, 25, 0.5, 0.9, 0.25)",5,25,0.5,0.9,0.25,57.72741511265437,5.676406971613566,3.812447666695906,0.6300114462879642,0.5859786686318462,0.5924852985713486
pipeline_529,"(5, 25, 0.5, 1.0, 0.25)",5,25,0.5,1.0,0.25,57.77734177509944,5.676406971613566,3.812447666695906,0.6300114462879642,0.5859786686318462,0.5924852985713486
pipeline_530,"(5, 25, 0.1, 0.8, 0.5)",5,25,0.1,0.8,0.5,19.14209960301717,5.676406971613566,3.812060980449706,0.629938102071421,0.5863772695938111,0.5837123260636762
pipeline_531,"(5, 25, 0.1, 0.9, 0.5)",5,25,0.1,0.9,0.5,18.93293362458547,5.676406971613566,3.812060980449706,0.629938102071421,0.5863772695938111,0.5837123260636762
pipeline_532,"(5, 25, 0.1, 1.0, 0.5)",5,25,0.1,1.0,0.5,18.769980573654173,5.676406971613566,3.812060980449706,0.629938102071421,0.5863772695938111,0.5837123260636762
pipeline_533,"(5, 25, 0.3, 0.8, 0.5)",5,25,0.3,0.8,0.5,18.81259744167328,5.676406971613566,3.812060980449706,0.629938102071421,0.5863772695938111,0.5837123260636762
pipeline_534,"(5, 25, 0.3, 0.9, 0.5)",5,25,0.3,0.9,0.5,18.809425882498424,5.676406971613566,3.812060980449706,0.629938102071421,0.5863772695938111,0.5837123260636762
pipeline_535,"(5, 25, 0.3, 1.0, 0.5)",5,25,0.3,1.0,0.5,18.923609391848245,5.676406971613566,3.812060980449706,0.629938102071421,0.5863772695938111,0.5837123260636762
pipeline_536,"(5, 25, 0.5, 0.8, 0.5)",5,25,0.5,0.8,0.5,18.79677545229594,5.676406971613566,3.812060980449706,0.629938102071421,0.5863772695938111,0.5837123260636762
pipeline_537,"(5, 25, 0.5, 0.9, 0.5)",5,25,0.5,0.9,0.5,18.809093507130942,5.676406971613566,3.812060980449706,0.629938102071421,0.5863772695938111,0.5837123260636762
pipeline_538,"(5, 25, 0.5, 1.0, 0.5)",5,25,0.5,1.0,0.5,18.82242999474208,5.676406971613566,3.812060980449706,0.629938102071421,0.5863772695938111,0.5837123260636762
pipeline_539,"(5, 25, 0.1, 0.8, 0.75)",5,25,0.1,0.8,0.75,10.127467942237852,5.676406971613566,3.8239921466195472,0.6301790640383302,0.5861914271033513,0.5587900063886904
pipeline_540,"(5, 25, 0.1, 0.9, 0.75)",5,25,0.1,0.9,0.75,10.16408572991689,5.676406971613566,3.8239921466195472,0.6301790640383302,0.5861914271033513,0.5587900063886904
pipeline_541,"(5, 25, 0.1, 1.0, 0.75)",5,25,0.1,1.0,0.75,10.1557252963384,5.676406971613566,3.8239921466195472,0.6301790640383302,0.5861914271033513,0.5587900063886904
pipeline_542,"(5, 25, 0.3, 0.8, 0.75)",5,25,0.3,0.8,0.75,10.09575437704722,5.676406971613566,3.8239921466195472,0.6301790640383302,0.5861914271033513,0.5587900063886904
pipeline_543,"(5, 25, 0.3, 0.9, 0.75)",5,25,0.3,0.9,0.75,10.046575355529786,5.676406971613566,3.8239921466195472,0.6301790640383302,0.5861914271033513,0.5587900063886904
pipeline_544,"(5, 25, 0.3, 1.0, 0.75)",5,25,0.3,1.0,0.75,10.042187603314716,5.676406971613566,3.8239921466195472,0.6301790640383302,0.5861914271033513,0.5587900063886904
pipeline_545,"(5, 25, 0.5, 0.8, 0.75)",5,25,0.5,0.8,0.75,10.007984268665314,5.676406971613566,3.8239921466195472,0.6301790640383302,0.5861914271033513,0.5587900063886904
pipeline_546,"(5, 25, 0.5, 0.9, 0.75)",5,25,0.5,0.9,0.75,10.11351567109426,5.686386350790659,3.825175460722832,0.630024167196352,0.5870766410101966,0.5557094736315538
